,ticker,1990,1991,1992,1993,1994,1995,1996,1997,1998,1999,2000,2001,2002,2003,2004,2005,2006,2007,2008,2009,2010,2011,2012,2013,2014,2015,2016,2017,2018,2019,2020,2021,2022
1,A,NA,NA,NA,NA,NA,NA,NA,NA,126554,126554,126554,126554,126554,126554,126554,126554,126554,126554,126554,126554,126554,126554,126554,126554,126554,126554,126554,126554,126554,126554,126554,126554,NA
2,AAL,1045,1045,1045,1045,1045,1045,1045,1045,1045,1045,1045,1045,1045,1045,1045,1045,1045,1045,1045,1045,1045,1045,1045,1045,1045,1045,1045,1045,1045,1045,1045,1045,NA
3,AAP,NA,NA,NA,NA,NA,NA,NA,NA,NA,145977,145977,145977,145977,145977,145977,145977,145977,145977,145977,145977,145977,145977,145977,145977,145977,145977,145977,145977,145977,145977,145977,145977,NA
4,AAPL,1690,1690,1690,1690,1690,1690,1690,1690,1690,1690,1690,1690,1690,1690,1690,1690,1690,1690,1690,1690,1690,1690,1690,1690,1690,1690,1690,1690,1690,1690,1690,1690,NA
5,ABBV,NA,NA,NA,NA,NA,NA,NA,NA,NA,NA,NA,NA,NA,NA,NA,NA,NA,NA,16101,16101,16101,16101,16101,16101,16101,16101,16101,16101,16101,16101,16101,16101,NA
6,ABC,NA,NA,NA,NA,31673,31673,31673,31673,31673,31673,31673,31673,31673,31673,31673,31673,31673,31673,31673,31673,31673,31673,31673,31673,31673,31673,31673,31673,31673,31673,31673,31673,NA
7,ABMD,13619,13619,13619,13619,13619,13619,13619,13619,13619,13619,13619,13619,13619,13619,13619,13619,13619,13619,13619,13619,13619,13619,13619,13619,13619,13619,13619,13619,13619,13619,13619,13619,NA
8,ABT,1078,1078,1078,1078,1078,1078,1078,1078,1078,1078,1078,1078,1078,1078,1078,1078,1078,1078,1078,1078,1078,1078,1078,1078,1078,1078,1078,1078,1078,1078,1078,1078,NA
9,ACN,NA,NA,NA,NA,NA,NA,NA,NA,143357,143357,143357,143357,143357,143357,143357,143357,143357,143357,143357,143357,143357,143357,143357,143357,143357,143357,143357,143357,143357,143357,143357,143357,143357
10,ADBE,12540,12540,12540,12540,12540,12540,12540,12540,12540,12540,12540,12540,12540,12540,12540,12540,12540,12540,12540,12540,12540,12540,12540,12540,12540,12540,12540,12540,12540,12540,12540,12540,NA
11,ADI,1632,1632,1632,1632,1632,1632,1632,1632,1632,1632,1632,1632,1632,1632,1632,1632,1632,1632,1632,1632,1632,1632,1632,1632,1632,1632,1632,1632,1632,1632,1632,1632,NA
12,ADM,1722,1722,1722,1722,1722,1722,1722,1722,1722,1722,1722,1722,1722,1722,1722,1722,1722,1722,1722,1722,1722,1722,1722,1722,1722,1722,1722,1722,1722,1722,1722,1722,NA
13,ADP,1891,1891,1891,1891,1891,1891,1891,1891,1891,1891,1891,1891,1891,1891,1891,1891,1891,1891,1891,1891,1891,1891,1891,1891,1891,1891,1891,1891,1891,1891,1891,1891,1891
14,ADSK,1878,1878,1878,1878,1878,1878,1878,1878,1878,1878,1878,1878,1878,1878,1878,1878,1878,1878,1878,1878,1878,1878,1878,1878,1878,1878,1878,1878,1878,1878,1878,1878,NA
15,AEE,10860,10860,10860,10860,10860,10860,10860,10860,10860,10860,10860,10860,10860,10860,10860,10860,10860,10860,10860,10860,10860,10860,10860,10860,10860,10860,10860,10860,10860,10860,10860,10860,NA
16,AEP,1440,1440,1440,1440,1440,1440,1440,1440,1440,1440,1440,1440,1440,1440,1440,1440,1440,1440,1440,1440,1440,1440,1440,1440,1440,1440,1440,1440,1440,1440,1440,1440,NA
17,AES,24216,24216,24216,24216,24216,24216,24216,24216,24216,24216,24216,24216,24216,24216,24216,24216,24216,24216,24216,24216,24216,24216,24216,24216,24216,24216,24216,24216,24216,24216,24216,24216,NA
18,AFL,1449,1449,1449,1449,1449,1449,1449,1449,1449,1449,1449,1449,1449,1449,1449,1449,1449,1449,1449,1449,1449,1449,1449,1449,1449,1449,1449,1449,1449,1449,1449,1449,NA
19,AIG,1487,1487,1487,1487,1487,1487,1487,1487,1487,1487,1487,1487,1487,1487,1487,1487,1487,1487,1487,1487,1487,1487,1487,1487,1487,1487,1487,1487,1487,1487,1487,1487,NA
20,AIZ,NA,NA,NA,NA,NA,NA,NA,NA,157057,157057,157057,157057,157057,157057,157057,157057,157057,157057,157057,157057,157057,157057,157057,157057,157057,157057,157057,157057,157057,157057,157057,157057,NA
21,AJG,4973,4973,4973,4973,4973,4973,4973,4973,4973,4973,4973,4973,4973,4973,4973,4973,4973,4973,4973,4973,4973,4973,4973,4973,4973,4973,4973,4973,4973,4973,4973,4973,NA
22,AKAM,NA,NA,NA,NA,NA,NA,NA,NA,125595,125595,125595,125595,125595,125595,125595,125595,125595,125595,125595,125595,125595,125595,125595,125595,125595,125595,125595,125595,125595,125595,125595,125595,NA
23,ALB,NA,NA,29751,29751,29751,29751,29751,29751,29751,29751,29751,29751,29751,29751,29751,29751,29751,29751,29751,29751,29751,29751,29751,29751,29751,29751,29751,29751,29751,29751,29751,29751,NA
24,ALGN,NA,NA,NA,NA,NA,NA,NA,NA,141384,141384,141384,141384,141384,141384,141384,141384,141384,141384,141384,141384,141384,141384,141384,141384,141384,141384,141384,141384,141384,141384,141384,141384,NA
25,ALK,1230,1230,1230,1230,1230,1230,1230,1230,1230,1230,1230,1230,1230,1230,1230,1230,1230,1230,1230,1230,1230,1230,1230,1230,1230,1230,1230,1230,1230,1230,1230,1230,NA
26,ALL,NA,NA,28349,28349,28349,28349,28349,28349,28349,28349,28349,28349,28349,28349,28349,28349,28349,28349,28349,28349,28349,28349,28349,28349,28349,28349,28349,28349,28349,28349,28349,28349,NA
27,ALLE,NA,NA,NA,NA,NA,NA,NA,NA,NA,NA,NA,NA,NA,NA,NA,NA,NA,NA,NA,NA,316056,316056,316056,316056,316056,316056,316056,316056,316056,316056,316056,316056,NA
28,AMAT,1704,1704,1704,1704,1704,1704,1704,1704,1704,1704,1704,1704,1704,1704,1704,1704,1704,1704,1704,1704,1704,1704,1704,1704,1704,1704,1704,1704,1704,1704,1704,1704,NA
29,AMCR,100243,100243,100243,100243,100243,100243,100243,100243,100243,100243,100243,100243,100243,100243,100243,100243,100243,100243,100243,100243,100243,100243,100243,100243,100243,100243,100243,100243,100243,100243,100243,100243,100243
30,AMD,1161,1161,1161,1161,1161,1161,1161,1161,1161,1161,1161,1161,1161,1161,1161,1161,1161,1161,1161,1161,1161,1161,1161,1161,1161,1161,1161,1161,1161,1161,1161,1161,NA
31,AME,1598,1598,1598,1598,1598,1598,1598,1598,1598,1598,1598,1598,1598,1598,1598,1598,1598,1598,1598,1598,1598,1598,1598,1598,1598,1598,1598,1598,1598,1598,1598,1598,NA
32,AMGN,1602,1602,1602,1602,1602,1602,1602,1602,1602,1602,1602,1602,1602,1602,1602,1602,1602,1602,1602,1602,1602,1602,1602,1602,1602,1602,1602,1602,1602,1602,1602,1602,NA
33,AMP,NA,NA,NA,NA,NA,NA,NA,NA,NA,NA,NA,164708,164708,164708,164708,164708,164708,164708,164708,164708,164708,164708,164708,164708,164708,164708,164708,164708,164708,164708,164708,164708,NA
34,AMT,NA,NA,NA,NA,NA,NA,105365,105365,105365,105365,105365,105365,105365,105365,105365,105365,105365,105365,105365,105365,105365,105365,105365,105365,105365,105365,105365,105365,105365,105365,105365,105365,NA
35,AMZN,NA,NA,NA,NA,NA,64768,64768,64768,64768,64768,64768,64768,64768,64768,64768,64768,64768,64768,64768,64768,64768,64768,64768,64768,64768,64768,64768,64768,64768,64768,64768,64768,NA
36,ANET,NA,NA,NA,NA,NA,NA,NA,NA,NA,NA,NA,NA,NA,NA,NA,NA,NA,NA,NA,NA,20748,20748,20748,20748,20748,20748,20748,20748,20748,20748,20748,20748,NA
37,ANSS,NA,NA,NA,NA,NA,63080,63080,63080,63080,63080,63080,63080,63080,63080,63080,63080,63080,63080,63080,63080,63080,63080,63080,63080,63080,63080,63080,63080,63080,63080,63080,63080,NA
38,AON,3221,3221,3221,3221,3221,3221,3221,3221,3221,3221,3221,3221,3221,3221,3221,3221,3221,3221,3221,3221,3221,3221,3221,3221,3221,3221,3221,3221,3221,3221,3221,3221,NA
39,AOS,9771,9771,9771,9771,9771,9771,9771,9771,9771,9771,9771,9771,9771,9771,9771,9771,9771,9771,9771,9771,9771,9771,9771,9771,9771,9771,9771,9771,9771,9771,9771,9771,NA
40,APA,1678,1678,1678,1678,1678,1678,1678,1678,1678,1678,1678,1678,1678,1678,1678,1678,1678,1678,1678,1678,1678,1678,1678,1678,1678,1678,1678,1678,1678,1678,1678,1678,NA
41,APD,1209,1209,1209,1209,1209,1209,1209,1209,1209,1209,1209,1209,1209,1209,1209,1209,1209,1209,1209,1209,1209,1209,1209,1209,1209,1209,1209,1209,1209,1209,1209,1209,NA
42,APH,14282,14282,14282,14282,14282,14282,14282,14282,14282,14282,14282,14282,14282,14282,14282,14282,14282,14282,14282,14282,14282,14282,14282,14282,14282,14282,14282,14282,14282,14282,14282,14282,NA
43,APTV,NA,NA,NA,NA,NA,NA,118122,118122,118122,118122,118122,118122,118122,118122,118122,118122,118122,118122,118122,118122,118122,118122,118122,118122,118122,118122,118122,118122,118122,118122,118122,118122,NA
44,ARE,NA,NA,NA,NA,NA,64821,64821,64821,64821,64821,64821,64821,64821,64821,64821,64821,64821,64821,64821,64821,64821,64821,64821,64821,64821,64821,64821,64821,64821,64821,64821,64821,NA
45,ATO,4383,4383,4383,4383,4383,4383,4383,4383,4383,4383,4383,4383,4383,4383,4383,4383,4383,4383,4383,4383,4383,4383,4383,4383,4383,4383,4383,4383,4383,4383,4383,4383,NA
46,ATVI,NA,NA,NA,NA,NA,NA,NA,NA,NA,NA,NA,NA,NA,180405,180405,180405,180405,180405,180405,180405,180405,180405,180405,180405,180405,180405,180405,180405,180405,180405,180405,180405,NA
47,AVB,NA,NA,NA,29875,29875,29875,29875,29875,29875,29875,29875,29875,29875,29875,29875,29875,29875,29875,29875,29875,29875,29875,29875,29875,29875,29875,29875,29875,29875,29875,29875,29875,NA
48,AVGO,NA,NA,NA,NA,NA,NA,NA,NA,NA,NA,NA,NA,NA,NA,180711,180711,180711,180711,180711,180711,180711,180711,180711,180711,180711,180711,180711,180711,180711,180711,180711,180711,NA
49,AVY,1913,1913,1913,1913,1913,1913,1913,1913,1913,1913,1913,1913,1913,1913,1913,1913,1913,1913,1913,1913,1913,1913,1913,1913,1913,1913,1913,1913,1913,1913,1913,1913,NA
50,AWK,NA,NA,NA,NA,NA,NA,NA,NA,NA,NA,NA,NA,NA,NA,NA,179437,179437,179437,179437,179437,179437,179437,179437,179437,179437,179437,179437,179437,179437,179437,179437,179437,NA
51,AXP,1447,1447,1447,1447,1447,1447,1447,1447,1447,1447,1447,1447,1447,1447,1447,1447,1447,1447,1447,1447,1447,1447,1447,1447,1447,1447,1447,1447,1447,1447,1447,1447,NA
52,AZO,23809,23809,23809,23809,23809,23809,23809,23809,23809,23809,23809,23809,23809,23809,23809,23809,23809,23809,23809,23809,23809,23809,23809,23809,23809,23809,23809,23809,23809,23809,23809,23809,NA
53,BA,2285,2285,2285,2285,2285,2285,2285,2285,2285,2285,2285,2285,2285,2285,2285,2285,2285,2285,2285,2285,2285,2285,2285,2285,2285,2285,2285,2285,2285,2285,2285,2285,NA
54,BAC,7647,7647,7647,7647,7647,7647,7647,7647,7647,7647,7647,7647,7647,7647,7647,7647,7647,7647,7647,7647,7647,7647,7647,7647,7647,7647,7647,7647,7647,7647,7647,7647,NA
55,BALL,1988,1988,1988,1988,1988,1988,1988,1988,1988,1988,1988,1988,1988,1988,1988,1988,1988,1988,1988,1988,1988,1988,1988,1988,1988,1988,1988,1988,1988,1988,1988,1988,NA
56,BAX,2086,2086,2086,2086,2086,2086,2086,2086,2086,2086,2086,2086,2086,2086,2086,2086,2086,2086,2086,2086,2086,2086,2086,2086,2086,2086,2086,2086,2086,2086,2086,2086,NA
57,BBWI,6733,6733,6733,6733,6733,6733,6733,6733,6733,6733,6733,6733,6733,6733,6733,6733,6733,6733,6733,6733,6733,6733,6733,6733,6733,6733,6733,6733,6733,6733,6733,6733,NA
58,BBY,2184,2184,2184,2184,2184,2184,2184,2184,2184,2184,2184,2184,2184,2184,2184,2184,2184,2184,2184,2184,2184,2184,2184,2184,2184,2184,2184,2184,2184,2184,2184,2184,NA
59,BDX,2111,2111,2111,2111,2111,2111,2111,2111,2111,2111,2111,2111,2111,2111,2111,2111,2111,2111,2111,2111,2111,2111,2111,2111,2111,2111,2111,2111,2111,2111,2111,2111,NA
60,BEN,4885,4885,4885,4885,4885,4885,4885,4885,4885,4885,4885,4885,4885,4885,4885,4885,4885,4885,4885,4885,4885,4885,4885,4885,4885,4885,4885,4885,4885,4885,4885,4885,NA
61,BF.B,2435,2435,2435,2435,2435,2435,2435,2435,2435,2435,2435,2435,2435,2435,2435,2435,2435,2435,2435,2435,2435,2435,2435,2435,2435,2435,2435,2435,2435,2435,2435,2435,NA
62,BIIB,24468,24468,24468,24468,24468,24468,24468,24468,24468,24468,24468,24468,24468,24468,24468,24468,24468,24468,24468,24468,24468,24468,24468,24468,24468,24468,24468,24468,24468,24468,24468,24468,NA
63,BIO,2220,2220,2220,2220,2220,2220,2220,2220,2220,2220,2220,2220,2220,2220,2220,2220,2220,2220,2220,2220,2220,2220,2220,2220,2220,2220,2220,2220,2220,2220,2220,2220,NA
64,BK,2019,2019,2019,2019,2019,2019,2019,2019,2019,2019,2019,2019,2019,2019,2019,2019,2019,2019,2019,2019,2019,2019,2019,2019,2019,2019,2019,2019,2019,2019,2019,2019,NA
65,BKNG,NA,NA,NA,NA,NA,NA,NA,119314,119314,119314,119314,119314,119314,119314,119314,119314,119314,119314,119314,119314,119314,119314,119314,119314,119314,119314,119314,119314,119314,119314,119314,119314,NA
66,BKR,NA,NA,NA,NA,NA,NA,NA,NA,NA,NA,NA,NA,NA,NA,NA,NA,NA,NA,NA,NA,NA,NA,NA,NA,32106,32106,32106,32106,32106,32106,32106,32106,NA
67,BLK,NA,NA,NA,NA,NA,NA,124434,124434,124434,124434,124434,124434,124434,124434,124434,124434,124434,124434,124434,124434,124434,124434,124434,124434,124434,124434,124434,124434,124434,124434,124434,124434,NA
68,BMY,2403,2403,2403,2403,2403,2403,2403,2403,2403,2403,2403,2403,2403,2403,2403,2403,2403,2403,2403,2403,2403,2403,2403,2403,2403,2403,2403,2403,2403,2403,2403,2403,NA
69,BR,NA,NA,NA,NA,NA,NA,NA,NA,NA,NA,NA,NA,NA,NA,176928,176928,176928,176928,176928,176928,176928,176928,176928,176928,176928,176928,176928,176928,176928,176928,176928,176928,176928
70,BRK.B,2176,2176,2176,2176,2176,2176,2176,2176,2176,2176,2176,2176,2176,2176,2176,2176,2176,2176,2176,2176,2176,2176,2176,2176,2176,2176,2176,2176,2176,2176,2176,2176,NA
71,BRO,15417,15417,15417,15417,15417,15417,15417,15417,15417,15417,15417,15417,15417,15417,15417,15417,15417,15417,15417,15417,15417,15417,15417,15417,15417,15417,15417,15417,15417,15417,15417,15417,NA
72,BSX,NA,25279,25279,25279,25279,25279,25279,25279,25279,25279,25279,25279,25279,25279,25279,25279,25279,25279,25279,25279,25279,25279,25279,25279,25279,25279,25279,25279,25279,25279,25279,25279,NA
73,BWA,NA,NA,28742,28742,28742,28742,28742,28742,28742,28742,28742,28742,28742,28742,28742,28742,28742,28742,28742,28742,28742,28742,28742,28742,28742,28742,28742,28742,28742,28742,28742,28742,NA
74,BXP,NA,NA,NA,NA,NA,64925,64925,64925,64925,64925,64925,64925,64925,64925,64925,64925,64925,64925,64925,64925,64925,64925,64925,64925,64925,64925,64925,64925,64925,64925,64925,64925,NA
75,C,3243,3243,3243,3243,3243,3243,3243,3243,3243,3243,3243,3243,3243,3243,3243,3243,3243,3243,3243,3243,3243,3243,3243,3243,3243,3243,3243,3243,3243,3243,3243,3243,NA
76,CAG,3362,3362,3362,3362,3362,3362,3362,3362,3362,3362,3362,3362,3362,3362,3362,3362,3362,3362,3362,3362,3362,3362,3362,3362,3362,3362,3362,3362,3362,3362,3362,3362,NA
77,CAH,2751,2751,2751,2751,2751,2751,2751,2751,2751,2751,2751,2751,2751,2751,2751,2751,2751,2751,2751,2751,2751,2751,2751,2751,2751,2751,2751,2751,2751,2751,2751,2751,2751
78,CARR,NA,NA,NA,NA,NA,NA,NA,NA,NA,NA,NA,NA,NA,NA,NA,NA,NA,NA,NA,NA,NA,NA,NA,NA,NA,36191,36191,36191,36191,36191,36191,36191,NA
79,CAT,2817,2817,2817,2817,2817,2817,2817,2817,2817,2817,2817,2817,2817,2817,2817,2817,2817,2817,2817,2817,2817,2817,2817,2817,2817,2817,2817,2817,2817,2817,2817,2817,NA
80,CB,NA,NA,28034,28034,28034,28034,28034,28034,28034,28034,28034,28034,28034,28034,28034,28034,28034,28034,28034,28034,28034,28034,28034,28034,28034,28034,28034,28034,28034,28034,28034,28034,NA
81,CBOE,NA,NA,NA,NA,NA,NA,NA,NA,NA,NA,NA,NA,NA,NA,NA,184500,184500,184500,NA,184500,184500,184500,184500,184500,184500,184500,184500,184500,184500,184500,184500,184500,NA
82,CBRE,NA,NA,NA,NA,NA,NA,NA,NA,NA,NA,NA,NA,260774,260774,260774,260774,260774,260774,260774,260774,260774,260774,260774,260774,260774,260774,260774,260774,260774,260774,260774,260774,NA
83,CCI,NA,NA,NA,NA,NA,NA,113490,113490,113490,113490,113490,113490,113490,113490,113490,113490,113490,113490,113490,113490,113490,113490,113490,113490,113490,113490,113490,113490,113490,113490,113490,113490,NA
84,CCL,13498,13498,13498,13498,13498,13498,13498,13498,13498,13498,13498,13498,13498,13498,13498,13498,13498,13498,13498,13498,13498,13498,13498,13498,13498,13498,13498,13498,13498,13498,13498,13498,NA
85,CDAY,NA,NA,NA,NA,NA,NA,NA,NA,NA,NA,NA,NA,NA,NA,NA,NA,NA,NA,NA,NA,NA,NA,NA,NA,NA,23546,23546,23546,23546,23546,23546,23546,NA
86,CDNS,13421,13421,13421,13421,13421,13421,13421,13421,13421,13421,13421,13421,13421,13421,13421,13421,13421,13421,13421,13421,13421,13421,13421,13421,13421,13421,13421,13421,13421,13421,13421,13421,NA
87,CDW,NA,NA,28320,28320,28320,28320,28320,28320,28320,28320,28320,28320,28320,28320,28320,28320,28320,28320,28320,28320,28320,28320,28320,28320,28320,28320,28320,28320,28320,28320,28320,28320,NA
88,CE,NA,NA,NA,NA,NA,NA,NA,NA,NA,NA,NA,NA,162254,162254,162254,162254,162254,162254,162254,162254,162254,162254,162254,162254,162254,162254,162254,162254,162254,162254,162254,162254,NA
89,CEG,NA,NA,NA,NA,NA,NA,NA,NA,NA,NA,NA,NA,NA,NA,NA,NA,NA,NA,NA,NA,NA,NA,NA,NA,NA,NA,NA,NA,NA,NA,NA,40614,NA
90,CF,NA,NA,NA,NA,NA,NA,NA,NA,NA,NA,163946,163946,163946,163946,163946,163946,163946,163946,163946,163946,163946,163946,163946,163946,163946,163946,163946,163946,163946,163946,163946,163946,NA
91,CFG,NA,NA,NA,NA,NA,NA,NA,NA,NA,NA,NA,NA,NA,NA,NA,NA,NA,NA,NA,NA,NA,NA,21825,21825,21825,21825,21825,21825,21825,21825,21825,21825,NA
92,CHD,3026,3026,3026,3026,3026,3026,3026,3026,3026,3026,3026,3026,3026,3026,3026,3026,3026,3026,3026,3026,3026,3026,3026,3026,3026,3026,3026,3026,3026,3026,3026,3026,NA
93,CHRW,NA,NA,NA,NA,NA,65609,65609,65609,65609,65609,65609,65609,65609,65609,65609,65609,65609,65609,65609,65609,65609,65609,65609,65609,65609,65609,65609,65609,65609,65609,65609,65609,NA
94,CHTR,NA,NA,NA,NA,NA,NA,126136,126136,126136,126136,126136,126136,126136,126136,126136,126136,126136,126136,126136,126136,126136,126136,126136,126136,126136,126136,126136,126136,126136,126136,126136,126136,NA
95,CI,2547,2547,2547,2547,2547,2547,2547,2547,2547,2547,2547,2547,2547,2547,2547,2547,2547,2547,2547,2547,2547,2547,2547,2547,2547,2547,2547,2547,2547,2547,2547,2547,NA
96,CINF,14824,14824,14824,14824,14824,14824,14824,14824,14824,14824,14824,14824,14824,14824,14824,14824,14824,14824,14824,14824,14824,14824,14824,14824,14824,14824,14824,14824,14824,14824,14824,14824,NA
97,CL,3170,3170,3170,3170,3170,3170,3170,3170,3170,3170,3170,3170,3170,3170,3170,3170,3170,3170,3170,3170,3170,3170,3170,3170,3170,3170,3170,3170,3170,3170,3170,3170,NA
98,CLX,3121,3121,3121,3121,3121,3121,3121,3121,3121,3121,3121,3121,3121,3121,3121,3121,3121,3121,3121,3121,3121,3121,3121,3121,3121,3121,3121,3121,3121,3121,3121,3121,3121
99,CMA,3231,3231,3231,3231,3231,3231,3231,3231,3231,3231,3231,3231,3231,3231,3231,3231,3231,3231,3231,3231,3231,3231,3231,3231,3231,3231,3231,3231,3231,3231,3231,3231,NA
100,CMCSA,3226,3226,3226,3226,3226,3226,3226,3226,3226,3226,3226,3226,3226,3226,3226,3226,3226,3226,3226,3226,3226,3226,3226,3226,3226,3226,3226,3226,3226,3226,3226,3226,NA
101,CME,NA,NA,NA,NA,NA,NA,NA,149070,149070,149070,149070,149070,149070,149070,149070,149070,149070,149070,149070,149070,149070,149070,149070,149070,149070,149070,149070,149070,149070,149070,149070,149070,NA
102,CMG,NA,NA,NA,NA,NA,NA,NA,NA,NA,NA,165914,165914,165914,165914,165914,165914,165914,165914,165914,165914,165914,165914,165914,165914,165914,165914,165914,165914,165914,165914,165914,165914,NA
103,CMI,3650,3650,3650,3650,3650,3650,3650,3650,3650,3650,3650,3650,3650,3650,3650,3650,3650,3650,3650,3650,3650,3650,3650,3650,3650,3650,3650,3650,3650,3650,3650,3650,NA
104,CMS,3439,3439,3439,3439,3439,3439,3439,3439,3439,3439,3439,3439,3439,3439,3439,3439,3439,3439,3439,3439,3439,3439,3439,3439,3439,3439,3439,3439,3439,3439,3439,3439,NA
105,CNC,NA,NA,NA,NA,NA,NA,NA,145552,145552,145552,145552,145552,145552,145552,145552,145552,145552,145552,145552,145552,145552,145552,145552,145552,145552,145552,145552,145552,145552,145552,145552,145552,NA
106,CNP,5742,5742,5742,5742,5742,5742,5742,5742,5742,5742,5742,5742,5742,5742,5742,5742,5742,5742,5742,5742,5742,5742,5742,5742,5742,5742,5742,5742,5742,5742,5742,5742,NA
107,COF,NA,NA,NA,30990,30990,30990,30990,30990,30990,30990,30990,30990,30990,30990,30990,30990,30990,30990,30990,30990,30990,30990,30990,30990,30990,30990,30990,30990,30990,30990,30990,30990,NA
108,COO,3504,3504,3504,3504,3504,3504,3504,3504,3504,3504,3504,3504,3504,3504,3504,3504,3504,3504,3504,3504,3504,3504,3504,3504,3504,3504,3504,3504,3504,3504,3504,3504,NA
109,COP,8549,8549,8549,8549,8549,8549,8549,8549,8549,8549,8549,8549,8549,8549,8549,8549,8549,8549,8549,8549,8549,8549,8549,8549,8549,8549,8549,8549,8549,8549,8549,8549,NA
110,COST,NA,NA,29028,29028,29028,29028,29028,29028,29028,29028,29028,29028,29028,29028,29028,29028,29028,29028,29028,29028,29028,29028,29028,29028,29028,29028,29028,29028,29028,29028,29028,29028,29028
111,CPB,2663,2663,2663,2663,2663,2663,2663,2663,2663,2663,2663,2663,2663,2663,2663,2663,2663,2663,2663,2663,2663,2663,2663,2663,2663,2663,2663,2663,2663,2663,2663,2663,2663
112,CPRT,NA,NA,NA,29901,29901,29901,29901,29901,29901,29901,29901,29901,29901,29901,29901,29901,29901,29901,29901,29901,29901,29901,29901,29901,29901,29901,29901,29901,29901,29901,29901,29901,29901
113,CPT,NA,NA,NA,28629,28629,28629,28629,28629,28629,28629,28629,28629,28629,28629,28629,28629,28629,28629,28629,28629,28629,28629,28629,28629,28629,28629,28629,28629,28629,28629,28629,28629,NA
114,CRL,NA,NA,NA,NA,NA,NA,137131,137131,137131,137131,137131,137131,137131,137131,137131,137131,137131,137131,137131,137131,137131,137131,137131,137131,137131,137131,137131,137131,137131,137131,137131,137131,NA
115,CRM,NA,NA,NA,NA,NA,NA,NA,NA,NA,157855,157855,157855,157855,157855,157855,157855,157855,157855,157855,157855,157855,157855,157855,157855,157855,157855,157855,157855,157855,157855,157855,157855,NA
116,CSCO,20779,20779,20779,20779,20779,20779,20779,20779,20779,20779,20779,20779,20779,20779,20779,20779,20779,20779,20779,20779,20779,20779,20779,20779,20779,20779,20779,20779,20779,20779,20779,20779,20779
117,CSX,2574,2574,2574,2574,2574,2574,2574,2574,2574,2574,2574,2574,2574,2574,2574,2574,2574,2574,2574,2574,2574,2574,2574,2574,2574,2574,2574,2574,2574,2574,2574,2574,NA
118,CTAS,3062,3062,3062,3062,3062,3062,3062,3062,3062,3062,3062,3062,3062,3062,3062,3062,3062,3062,3062,3062,3062,3062,3062,3062,3062,3062,3062,3062,3062,3062,3062,3062,NA
119,CTLT,NA,NA,NA,NA,NA,NA,NA,NA,NA,NA,NA,NA,NA,NA,NA,NA,NA,NA,NA,NA,20228,20228,20228,20228,20228,20228,20228,20228,20228,20228,20228,20228,20228
120,CTRA,20548,20548,20548,20548,20548,20548,20548,20548,20548,20548,20548,20548,20548,20548,20548,20548,20548,20548,20548,20548,20548,20548,20548,20548,20548,20548,20548,20548,20548,20548,20548,20548,NA
121,CTSH,NA,NA,NA,NA,NA,NA,111864,111864,111864,111864,111864,111864,111864,111864,111864,111864,111864,111864,111864,111864,111864,111864,111864,111864,111864,111864,111864,111864,111864,111864,111864,111864,NA
122,CTVA,NA,NA,NA,NA,NA,NA,NA,NA,NA,NA,NA,NA,NA,NA,NA,NA,NA,NA,NA,NA,NA,NA,NA,NA,NA,35168,35168,35168,35168,35168,35168,35168,NA
123,CTXS,NA,NA,NA,NA,61676,61676,61676,61676,61676,61676,61676,61676,61676,61676,61676,61676,61676,61676,61676,61676,61676,61676,61676,61676,61676,61676,61676,61676,61676,61676,61676,61676,NA
124,CVS,7241,7241,7241,7241,7241,7241,7241,7241,7241,7241,7241,7241,7241,7241,7241,7241,7241,7241,7241,7241,7241,7241,7241,7241,7241,7241,7241,7241,7241,7241,7241,7241,NA
125,CVX,2991,2991,2991,2991,2991,2991,2991,2991,2991,2991,2991,2991,2991,2991,2991,2991,2991,2991,2991,2991,2991,2991,2991,2991,2991,2991,2991,2991,2991,2991,2991,2991,NA
126,CZR,NA,NA,NA,NA,NA,NA,NA,NA,NA,NA,NA,NA,NA,NA,NA,NA,NA,NA,NA,NA,NA,NA,NA,NA,21808,21808,21808,21808,21808,21808,21808,21808,NA
127,D,4029,4029,4029,4029,4029,4029,4029,4029,4029,4029,4029,4029,4029,4029,4029,4029,4029,4029,4029,4029,4029,4029,4029,4029,4029,4029,4029,4029,4029,4029,4029,4029,NA
128,DAL,3851,3851,3851,3851,3851,3851,3851,3851,3851,3851,3851,3851,3851,3851,3851,3851,3851,3851,3851,3851,3851,3851,3851,3851,3851,3851,3851,3851,3851,3851,3851,3851,NA
129,DD,4060,4060,4060,4060,4060,4060,4060,4060,4060,4060,4060,4060,4060,4060,4060,4060,4060,4060,4060,4060,4060,4060,4060,4060,4060,4060,4060,4060,4060,4060,4060,4060,NA
130,DE,3835,3835,3835,3835,3835,3835,3835,3835,3835,3835,3835,3835,3835,3835,3835,3835,3835,3835,3835,3835,3835,3835,3835,3835,3835,3835,3835,3835,3835,3835,3835,3835,NA
131,DFS,NA,NA,NA,NA,NA,NA,NA,NA,NA,NA,NA,NA,177376,177376,177376,177376,177376,177376,177376,177376,177376,177376,177376,177376,177376,177376,177376,177376,177376,177376,177376,177376,NA
132,DG,4016,4016,4016,4016,4016,4016,4016,4016,4016,4016,4016,4016,4016,4016,4016,4016,4016,4016,4016,4016,4016,4016,4016,4016,4016,4016,4016,4016,4016,4016,4016,4016,NA
133,DGX,NA,NA,NA,NA,NA,64166,64166,64166,64166,64166,64166,64166,64166,64166,64166,64166,64166,64166,64166,64166,64166,64166,64166,64166,64166,64166,64166,64166,64166,64166,64166,64166,NA
134,DHI,NA,25340,25340,25340,25340,25340,25340,25340,25340,25340,25340,25340,25340,25340,25340,25340,25340,25340,25340,25340,25340,25340,25340,25340,25340,25340,25340,25340,25340,25340,25340,25340,NA
135,DHR,3735,3735,3735,3735,3735,3735,3735,3735,3735,3735,3735,3735,3735,3735,3735,3735,3735,3735,3735,3735,3735,3735,3735,3735,3735,3735,3735,3735,3735,3735,3735,3735,NA
136,DIS,3980,3980,3980,3980,3980,3980,3980,3980,3980,3980,3980,3980,3980,3980,3980,3980,3980,3980,3980,3980,3980,3980,3980,3980,3980,3980,3980,3980,3980,3980,3980,3980,NA
137,DISH,NA,NA,NA,NA,60900,60900,60900,60900,60900,60900,60900,60900,60900,60900,60900,60900,60900,60900,60900,60900,60900,60900,60900,60900,60900,60900,60900,60900,60900,60900,60900,60900,NA
138,DLR,NA,NA,NA,NA,NA,NA,NA,NA,NA,NA,NA,NA,160991,160991,160991,160991,160991,160991,160991,160991,160991,160991,160991,160991,160991,160991,160991,160991,160991,160991,160991,160991,NA
139,DLTR,NA,NA,NA,NA,31587,31587,31587,31587,31587,31587,31587,31587,31587,31587,31587,31587,31587,31587,31587,31587,31587,31587,31587,31587,31587,31587,31587,31587,31587,31587,31587,31587,NA
140,DOV,4058,4058,4058,4058,4058,4058,4058,4058,4058,4058,4058,4058,4058,4058,4058,4058,4058,4058,4058,4058,4058,4058,4058,4058,4058,4058,4058,4058,4058,4058,4058,4058,NA
141,DOW,NA,NA,NA,NA,NA,NA,NA,NA,NA,NA,NA,NA,NA,NA,NA,NA,NA,NA,NA,NA,NA,NA,NA,NA,NA,34443,34443,34443,34443,34443,34443,34443,NA
142,DPZ,NA,NA,NA,NA,NA,NA,NA,NA,NA,160211,160211,160211,160211,160211,160211,160211,160211,160211,160211,160211,160211,160211,160211,160211,160211,160211,160211,160211,160211,160211,160211,160211,NA
143,DRE,13510,13510,13510,13510,13510,13510,13510,13510,13510,13510,13510,13510,13510,13510,13510,13510,13510,13510,13510,13510,13510,13510,13510,13510,13510,13510,13510,13510,13510,13510,13510,13510,NA
144,DRI,NA,NA,NA,31846,31846,31846,31846,31846,31846,31846,31846,31846,31846,31846,31846,31846,31846,31846,31846,31846,31846,31846,31846,31846,31846,31846,31846,31846,31846,31846,31846,31846,NA
145,DTE,3897,3897,3897,3897,3897,3897,3897,3897,3897,3897,3897,3897,3897,3897,3897,3897,3897,3897,3897,3897,3897,3897,3897,3897,3897,3897,3897,3897,3897,3897,3897,3897,NA
146,DUK,4093,4093,4093,4093,4093,4093,4093,4093,4093,4093,4093,4093,4093,4093,4093,4093,4093,4093,4093,4093,4093,4093,4093,4093,4093,4093,4093,4093,4093,4093,4093,4093,NA
147,DVA,NA,NA,NA,NA,61483,61483,61483,61483,61483,61483,61483,61483,61483,61483,61483,61483,61483,61483,61483,61483,61483,61483,61483,61483,61483,61483,61483,61483,61483,61483,61483,61483,NA
148,DVN,14934,14934,14934,14934,14934,14934,14934,14934,14934,14934,14934,14934,14934,14934,14934,14934,14934,14934,14934,14934,14934,14934,14934,14934,14934,14934,14934,14934,14934,14934,14934,14934,NA
149,DXC,3336,3336,3336,3336,3336,3336,3336,3336,3336,3336,3336,3336,3336,3336,3336,3336,3336,3336,3336,3336,3336,3336,3336,3336,3336,3336,3336,3336,3336,3336,3336,3336,NA
150,DXCM,NA,NA,NA,NA,NA,NA,NA,NA,NA,NA,162887,162887,162887,162887,162887,162887,162887,162887,162887,162887,162887,162887,162887,162887,162887,162887,162887,162887,162887,162887,162887,162887,NA
151,EA,16721,16721,16721,16721,16721,16721,16721,16721,16721,16721,16721,16721,16721,16721,16721,16721,16721,16721,16721,16721,16721,16721,16721,16721,16721,16721,16721,16721,16721,16721,16721,16721,NA
152,EBAY,NA,NA,NA,NA,NA,NA,114524,114524,114524,114524,114524,114524,114524,114524,114524,114524,114524,114524,114524,114524,114524,114524,114524,114524,114524,114524,114524,114524,114524,114524,114524,114524,NA
153,ECL,4213,4213,4213,4213,4213,4213,4213,4213,4213,4213,4213,4213,4213,4213,4213,4213,4213,4213,4213,4213,4213,4213,4213,4213,4213,4213,4213,4213,4213,4213,4213,4213,NA
154,ED,3413,3413,3413,3413,3413,3413,3413,3413,3413,3413,3413,3413,3413,3413,3413,3413,3413,3413,3413,3413,3413,3413,3413,3413,3413,3413,3413,3413,3413,3413,3413,3413,NA
155,EFX,4423,4423,4423,4423,4423,4423,4423,4423,4423,4423,4423,4423,4423,4423,4423,4423,4423,4423,4423,4423,4423,4423,4423,4423,4423,4423,4423,4423,4423,4423,4423,4423,NA
156,EIX,9846,9846,9846,9846,9846,9846,9846,9846,9846,9846,9846,9846,9846,9846,9846,9846,9846,9846,9846,9846,9846,9846,9846,9846,9846,9846,9846,9846,9846,9846,9846,9846,NA
157,EL,NA,NA,NA,NA,NA,61567,61567,61567,61567,61567,61567,61567,61567,61567,61567,61567,61567,61567,61567,61567,61567,61567,61567,61567,61567,61567,61567,61567,61567,61567,61567,61567,61567
158,ELV,NA,NA,NA,NA,NA,NA,NA,NA,NA,145046,145046,145046,145046,145046,145046,145046,145046,145046,145046,145046,145046,145046,145046,145046,145046,145046,145046,145046,145046,145046,145046,145046,NA
159,EMBC,NA,NA,NA,NA,NA,NA,NA,NA,NA,NA,NA,NA,NA,NA,NA,NA,NA,NA,NA,NA,NA,NA,NA,NA,NA,NA,NA,NA,NA,41050,41050,41050,NA
160,EMN,NA,NA,29392,29392,29392,29392,29392,29392,29392,29392,29392,29392,29392,29392,29392,29392,29392,29392,29392,29392,29392,29392,29392,29392,29392,29392,29392,29392,29392,29392,29392,29392,NA
161,EMR,4321,4321,4321,4321,4321,4321,4321,4321,4321,4321,4321,4321,4321,4321,4321,4321,4321,4321,4321,4321,4321,4321,4321,4321,4321,4321,4321,4321,4321,4321,4321,4321,NA
162,ENPH,NA,NA,NA,NA,NA,NA,NA,NA,NA,NA,NA,NA,NA,NA,NA,NA,NA,187450,187450,187450,187450,187450,187450,187450,187450,187450,187450,187450,187450,187450,187450,187450,NA
163,EOG,16478,16478,16478,16478,16478,16478,16478,16478,16478,16478,16478,16478,16478,16478,16478,16478,16478,16478,16478,16478,16478,16478,16478,16478,16478,16478,16478,16478,16478,16478,16478,16478,NA
164,EPAM,NA,NA,NA,NA,NA,NA,NA,NA,NA,NA,NA,NA,NA,NA,NA,NA,187697,187697,187697,187697,187697,187697,187697,187697,187697,187697,187697,187697,187697,187697,187697,187697,NA
165,EQIX,NA,NA,NA,NA,NA,NA,NA,NA,NA,138743,138743,138743,138743,138743,138743,138743,138743,138743,138743,138743,138743,138743,138743,138743,138743,138743,138743,138743,138743,138743,138743,138743,NA
166,EQR,NA,NA,NA,28733,28733,28733,28733,28733,28733,28733,28733,28733,28733,28733,28733,28733,28733,28733,28733,28733,28733,28733,28733,28733,28733,28733,28733,28733,28733,28733,28733,28733,NA
167,ES,7970,7970,7970,7970,7970,7970,7970,7970,7970,7970,7970,7970,7970,7970,7970,7970,7970,7970,7970,7970,7970,7970,7970,7970,7970,7970,7970,7970,7970,7970,7970,7970,NA
168,ESS,NA,NA,NA,30293,30293,30293,30293,30293,30293,30293,30293,30293,30293,30293,30293,30293,30293,30293,30293,30293,30293,30293,30293,30293,30293,30293,30293,30293,30293,30293,30293,30293,NA
169,ETN,4199,4199,4199,4199,4199,4199,4199,4199,4199,4199,4199,4199,4199,4199,4199,4199,4199,4199,4199,4199,4199,4199,4199,4199,4199,4199,4199,4199,4199,4199,4199,4199,NA
170,ETR,7366,7366,7366,7366,7366,7366,7366,7366,7366,7366,7366,7366,7366,7366,7366,7366,7366,7366,7366,7366,7366,7366,7366,7366,7366,7366,7366,7366,7366,7366,7366,7366,NA
171,ETSY,NA,NA,NA,NA,NA,NA,NA,NA,NA,NA,NA,NA,NA,NA,NA,NA,NA,NA,NA,NA,NA,NA,23238,23238,23238,23238,23238,23238,23238,23238,23238,23238,NA
172,EVRG,6338,6338,6338,6338,6338,6338,6338,6338,6338,6338,6338,6338,6338,6338,6338,6338,6338,6338,6338,6338,6338,6338,6338,6338,6338,6338,6338,6338,6338,6338,6338,6338,NA
173,EW,NA,NA,NA,NA,NA,NA,NA,133366,133366,133366,133366,133366,133366,133366,133366,133366,133366,133366,133366,133366,133366,133366,133366,133366,133366,133366,133366,133366,133366,133366,133366,133366,NA
174,EXC,8539,8539,8539,8539,8539,8539,8539,8539,8539,8539,8539,8539,8539,8539,8539,8539,8539,8539,8539,8539,8539,8539,8539,8539,8539,8539,8539,8539,8539,8539,8539,8539,NA
175,EXPD,4494,4494,4494,4494,4494,4494,4494,4494,4494,4494,4494,4494,4494,4494,4494,4494,4494,4494,4494,4494,4494,4494,4494,4494,4494,4494,4494,4494,4494,4494,4494,4494,NA
176,EXPE,NA,NA,NA,NA,NA,NA,NA,NA,126296,126296,126296,126296,126296,126296,126296,126296,126296,126296,126296,126296,126296,126296,126296,126296,126296,126296,126296,126296,126296,126296,126296,126296,NA
177,EXR,NA,NA,NA,NA,NA,NA,NA,NA,NA,160479,160479,160479,160479,160479,160479,160479,160479,160479,160479,160479,160479,160479,160479,160479,160479,160479,160479,160479,160479,160479,160479,160479,NA
178,F,4839,4839,4839,4839,4839,4839,4839,4839,4839,4839,4839,4839,4839,4839,4839,4839,4839,4839,4839,4839,4839,4839,4839,4839,4839,4839,4839,4839,4839,4839,4839,4839,NA
179,FANG,NA,NA,NA,NA,NA,NA,NA,NA,NA,NA,NA,NA,NA,NA,NA,NA,NA,NA,170750,170750,170750,170750,170750,170750,170750,170750,170750,170750,170750,170750,170750,170750,NA
180,FAST,14225,14225,14225,14225,14225,14225,14225,14225,14225,14225,14225,14225,14225,14225,14225,14225,14225,14225,14225,14225,14225,14225,14225,14225,14225,14225,14225,14225,14225,14225,14225,14225,NA
181,FBHS,NA,NA,NA,NA,NA,NA,NA,NA,NA,NA,NA,NA,NA,NA,NA,NA,NA,NA,NA,188255,188255,188255,188255,188255,188255,188255,188255,188255,188255,188255,188255,188255,NA
182,FCX,14590,14590,14590,14590,14590,14590,14590,14590,14590,14590,14590,14590,14590,14590,14590,14590,14590,14590,14590,14590,14590,14590,14590,14590,14590,14590,14590,14590,14590,14590,14590,14590,NA
183,FDS,NA,NA,NA,NA,NA,63172,63172,63172,63172,63172,63172,63172,63172,63172,63172,63172,63172,63172,63172,63172,63172,63172,63172,63172,63172,63172,63172,63172,63172,63172,63172,63172,63172
184,FDX,4598,4598,4598,4598,4598,4598,4598,4598,4598,4598,4598,4598,4598,4598,4598,4598,4598,4598,4598,4598,4598,4598,4598,4598,4598,4598,4598,4598,4598,4598,4598,4598,NA
185,FE,8099,8099,8099,8099,8099,8099,8099,8099,8099,8099,8099,8099,8099,8099,8099,8099,8099,8099,8099,8099,8099,8099,8099,8099,8099,8099,8099,8099,8099,8099,8099,8099,NA
186,FFIV,NA,NA,NA,NA,NA,NA,NA,121077,121077,121077,121077,121077,121077,121077,121077,121077,121077,121077,121077,121077,121077,121077,121077,121077,121077,121077,121077,121077,121077,121077,121077,121077,NA
187,FIS,NA,NA,NA,NA,NA,NA,NA,NA,NA,NA,165993,165993,165993,165993,165993,165993,165993,165993,165993,165993,165993,165993,165993,165993,165993,165993,165993,165993,165993,165993,165993,165993,NA
188,FISV,12635,12635,12635,12635,12635,12635,12635,12635,12635,12635,12635,12635,12635,12635,12635,12635,12635,12635,12635,12635,12635,12635,12635,12635,12635,12635,12635,12635,12635,12635,12635,12635,NA
189,FITB,4640,4640,4640,4640,4640,4640,4640,4640,4640,4640,4640,4640,4640,4640,4640,4640,4640,4640,4640,4640,4640,4640,4640,4640,4640,4640,4640,4640,4640,4640,4640,4640,NA
190,FLT,NA,NA,NA,NA,NA,NA,NA,NA,NA,NA,NA,NA,NA,NA,NA,184700,184700,184700,184700,184700,184700,184700,184700,184700,184700,184700,184700,184700,184700,184700,184700,184700,NA
191,FMC,4510,4510,4510,4510,4510,4510,4510,4510,4510,4510,4510,4510,4510,4510,4510,4510,4510,4510,4510,4510,4510,4510,4510,4510,4510,4510,4510,4510,4510,4510,4510,4510,NA
192,FOXA,NA,NA,NA,NA,NA,NA,NA,NA,NA,NA,NA,NA,NA,NA,NA,NA,NA,NA,NA,NA,NA,NA,NA,NA,34636,34636,34636,34636,34636,34636,34636,34636,34636
193,FRC,14275,14275,14275,14275,14275,14275,14275,14275,14275,14275,14275,14275,14275,14275,14275,14275,14275,14275,14275,14275,14275,14275,14275,14275,14275,14275,14275,14275,14275,14275,14275,14275,NA
194,FRT,4605,4605,4605,4605,4605,4605,4605,4605,4605,4605,4605,4605,4605,4605,4605,4605,4605,4605,4605,4605,4605,4605,4605,4605,4605,4605,4605,4605,4605,4605,4605,4605,NA
195,FTNT,NA,NA,NA,NA,NA,NA,NA,NA,NA,NA,NA,NA,NA,NA,183377,183377,183377,183377,183377,183377,183377,183377,183377,183377,183377,183377,183377,183377,183377,183377,183377,183377,NA
196,FTV,NA,NA,NA,NA,NA,NA,NA,NA,NA,NA,NA,NA,NA,NA,NA,NA,NA,NA,NA,NA,NA,NA,NA,26590,26590,26590,26590,26590,26590,26590,26590,26590,NA
197,GD,5046,5046,5046,5046,5046,5046,5046,5046,5046,5046,5046,5046,5046,5046,5046,5046,5046,5046,5046,5046,5046,5046,5046,5046,5046,5046,5046,5046,5046,5046,5046,5046,NA
198,GE,5047,5047,5047,5047,5047,5047,5047,5047,5047,5047,5047,5047,5047,5047,5047,5047,5047,5047,5047,5047,5047,5047,5047,5047,5047,5047,5047,5047,5047,5047,5047,5047,NA
199,GILD,24856,24856,24856,24856,24856,24856,24856,24856,24856,24856,24856,24856,24856,24856,24856,24856,24856,24856,24856,24856,24856,24856,24856,24856,24856,24856,24856,24856,24856,24856,24856,24856,NA
200,GIS,5071,5071,5071,5071,5071,5071,5071,5071,5071,5071,5071,5071,5071,5071,5071,5071,5071,5071,5071,5071,5071,5071,5071,5071,5071,5071,5071,5071,5071,5071,5071,5071,NA
201,GL,10614,10614,10614,10614,10614,10614,10614,10614,10614,10614,10614,10614,10614,10614,10614,10614,10614,10614,10614,10614,10614,10614,10614,10614,10614,10614,10614,10614,10614,10614,10614,10614,NA
202,GLW,3532,3532,3532,3532,3532,3532,3532,3532,3532,3532,3532,3532,3532,3532,3532,3532,3532,3532,3532,3532,3532,3532,3532,3532,3532,3532,3532,3532,3532,3532,3532,3532,NA
203,GM,5073,5073,5073,5073,5073,5073,5073,5073,5073,5073,5073,5073,5073,5073,5073,5073,5073,5073,5073,5073,5073,5073,5073,5073,5073,5073,5073,5073,5073,5073,5073,5073,NA
204,GNRC,NA,NA,NA,NA,NA,NA,NA,NA,NA,NA,NA,NA,NA,NA,183736,183736,183736,183736,183736,183736,183736,183736,183736,183736,183736,183736,183736,183736,183736,183736,183736,183736,NA
205,GOOGL,NA,NA,NA,NA,NA,NA,NA,NA,NA,160329,160329,160329,160329,160329,160329,160329,160329,160329,160329,160329,160329,160329,160329,160329,160329,160329,160329,160329,160329,160329,160329,160329,NA
206,GPC,5125,5125,5125,5125,5125,5125,5125,5125,5125,5125,5125,5125,5125,5125,5125,5125,5125,5125,5125,5125,5125,5125,5125,5125,5125,5125,5125,5125,5125,5125,5125,5125,NA
207,GPN,NA,NA,NA,NA,NA,NA,NA,141913,141913,141913,141913,141913,141913,141913,141913,141913,141913,141913,141913,141913,141913,141913,141913,141913,141913,141913,141913,141913,141913,141913,141913,141913,NA
208,GRMN,NA,NA,NA,NA,NA,NA,141459,141459,141459,141459,141459,141459,141459,141459,141459,141459,141459,141459,141459,141459,141459,141459,141459,141459,141459,141459,141459,141459,141459,141459,141459,141459,NA
209,GS,NA,NA,NA,NA,NA,NA,NA,114628,114628,114628,114628,114628,114628,114628,114628,114628,114628,114628,114628,114628,114628,114628,114628,114628,114628,114628,114628,114628,114628,114628,114628,114628,NA
210,GWW,5256,5256,5256,5256,5256,5256,5256,5256,5256,5256,5256,5256,5256,5256,5256,5256,5256,5256,5256,5256,5256,5256,5256,5256,5256,5256,5256,5256,5256,5256,5256,5256,NA
211,HAL,5439,5439,5439,5439,5439,5439,5439,5439,5439,5439,5439,5439,5439,5439,5439,5439,5439,5439,5439,5439,5439,5439,5439,5439,5439,5439,5439,5439,5439,5439,5439,5439,NA
212,HAS,5518,5518,5518,5518,5518,5518,5518,5518,5518,5518,5518,5518,5518,5518,5518,5518,5518,5518,5518,5518,5518,5518,5518,5518,5518,5518,5518,5518,5518,5518,5518,5518,NA
213,HBAN,5786,5786,5786,5786,5786,5786,5786,5786,5786,5786,5786,5786,5786,5786,5786,5786,5786,5786,5786,5786,5786,5786,5786,5786,5786,5786,5786,5786,5786,5786,5786,5786,NA
214,HCA,22260,22260,22260,22260,22260,22260,22260,22260,22260,22260,22260,22260,22260,22260,22260,22260,22260,22260,22260,22260,22260,22260,22260,22260,22260,22260,22260,22260,22260,22260,22260,22260,NA
215,HD,5680,5680,5680,5680,5680,5680,5680,5680,5680,5680,5680,5680,5680,5680,5680,5680,5680,5680,5680,5680,5680,5680,5680,5680,5680,5680,5680,5680,5680,5680,5680,5680,NA
216,HES,1380,1380,1380,1380,1380,1380,1380,1380,1380,1380,1380,1380,1380,1380,1380,1380,1380,1380,1380,1380,1380,1380,1380,1380,1380,1380,1380,1380,1380,1380,1380,1380,NA
217,HIG,NA,NA,NA,NA,61739,61739,61739,61739,61739,61739,61739,61739,61739,61739,61739,61739,61739,61739,61739,61739,61739,61739,61739,61739,61739,61739,61739,61739,61739,61739,61739,61739,NA
218,HII,NA,NA,NA,NA,NA,NA,NA,NA,NA,NA,NA,NA,NA,NA,NA,NA,NA,NA,186310,186310,186310,186310,186310,186310,186310,186310,186310,186310,186310,186310,186310,186310,NA
219,HLT,5643,5643,5643,5643,5643,5643,5643,5643,5643,5643,5643,5643,5643,5643,5643,5643,5643,5643,5643,5643,5643,5643,5643,5643,5643,5643,5643,5643,5643,5643,5643,5643,NA
220,HOLX,20904,20904,20904,20904,20904,20904,20904,20904,20904,20904,20904,20904,20904,20904,20904,20904,20904,20904,20904,20904,20904,20904,20904,20904,20904,20904,20904,20904,20904,20904,20904,20904,NA
221,HON,1300,1300,1300,1300,1300,1300,1300,1300,1300,1300,1300,1300,1300,1300,1300,1300,1300,1300,1300,1300,1300,1300,1300,1300,1300,1300,1300,1300,1300,1300,1300,1300,NA
222,HPE,NA,NA,NA,NA,NA,NA,NA,NA,NA,NA,NA,NA,NA,NA,NA,NA,NA,NA,NA,NA,NA,NA,NA,26156,26156,26156,26156,26156,26156,26156,26156,26156,NA
223,HPQ,5606,5606,5606,5606,5606,5606,5606,5606,5606,5606,5606,5606,5606,5606,5606,5606,5606,5606,5606,5606,5606,5606,5606,5606,5606,5606,5606,5606,5606,5606,5606,5606,NA
224,HRL,5709,5709,5709,5709,5709,5709,5709,5709,5709,5709,5709,5709,5709,5709,5709,5709,5709,5709,5709,5709,5709,5709,5709,5709,5709,5709,5709,5709,5709,5709,5709,5709,NA
225,HSIC,NA,NA,NA,NA,61494,61494,61494,61494,61494,61494,61494,61494,61494,61494,61494,61494,61494,61494,61494,61494,61494,61494,61494,61494,61494,61494,61494,61494,61494,61494,61494,61494,NA
226,HST,7063,7063,7063,7063,7063,7063,7063,7063,7063,7063,7063,7063,7063,7063,7063,7063,7063,7063,7063,7063,7063,7063,7063,7063,7063,7063,7063,7063,7063,7063,7063,7063,NA
227,HSY,5597,5597,5597,5597,5597,5597,5597,5597,5597,5597,5597,5597,5597,5597,5597,5597,5597,5597,5597,5597,5597,5597,5597,5597,5597,5597,5597,5597,5597,5597,5597,5597,NA
228,HUM,NA,NA,27914,27914,27914,27914,27914,27914,27914,27914,27914,27914,27914,27914,27914,27914,27914,27914,27914,27914,27914,27914,27914,27914,27914,27914,27914,27914,27914,27914,27914,27914,NA
229,HWM,NA,NA,NA,NA,NA,NA,NA,NA,NA,NA,NA,NA,NA,NA,NA,NA,NA,NA,NA,NA,NA,NA,NA,28192,NA,28192,28192,28192,28192,28192,28192,28192,NA
230,IBM,6066,6066,6066,6066,6066,6066,6066,6066,6066,6066,6066,6066,6066,6066,6066,6066,6066,6066,6066,6066,6066,6066,6066,6066,6066,6066,6066,6066,6066,6066,6066,6066,NA
231,ICE,NA,NA,NA,NA,NA,NA,NA,NA,NA,NA,NA,163610,163610,163610,163610,163610,163610,163610,163610,163610,163610,163610,163610,163610,163610,163610,163610,163610,163610,163610,163610,163610,NA
232,IDXX,24197,24197,24197,24197,24197,24197,24197,24197,24197,24197,24197,24197,24197,24197,24197,24197,24197,24197,24197,24197,24197,24197,24197,24197,24197,24197,24197,24197,24197,24197,24197,24197,NA
233,IEX,15267,15267,15267,15267,15267,15267,15267,15267,15267,15267,15267,15267,15267,15267,15267,15267,15267,15267,15267,15267,15267,15267,15267,15267,15267,15267,15267,15267,15267,15267,15267,15267,NA
234,IFF,6078,6078,6078,6078,6078,6078,6078,6078,6078,6078,6078,6078,6078,6078,6078,6078,6078,6078,6078,6078,6078,6078,6078,6078,6078,6078,6078,6078,6078,6078,6078,6078,NA
235,ILMN,NA,NA,NA,NA,NA,NA,NA,NA,138205,138205,138205,138205,138205,138205,138205,138205,138205,138205,138205,138205,138205,138205,138205,138205,138205,138205,138205,138205,138205,138205,138205,138205,NA
236,INCY,NA,NA,29127,29127,29127,29127,29127,29127,29127,29127,29127,29127,29127,29127,29127,29127,29127,29127,29127,29127,29127,29127,29127,29127,29127,29127,29127,29127,29127,29127,29127,29127,NA
237,INTC,6008,6008,6008,6008,6008,6008,6008,6008,6008,6008,6008,6008,6008,6008,6008,6008,6008,6008,6008,6008,6008,6008,6008,6008,6008,6008,6008,6008,6008,6008,6008,6008,NA
238,INTU,NA,NA,27928,27928,27928,27928,27928,27928,27928,27928,27928,27928,27928,27928,27928,27928,27928,27928,27928,27928,27928,27928,27928,27928,27928,27928,27928,27928,27928,27928,27928,27928,27928
239,IP,6104,6104,6104,6104,6104,6104,6104,6104,6104,6104,6104,6104,6104,6104,6104,6104,6104,6104,6104,6104,6104,6104,6104,6104,6104,6104,6104,6104,6104,6104,6104,6104,NA
240,IPG,6136,6136,6136,6136,6136,6136,6136,6136,6136,6136,6136,6136,6136,6136,6136,6136,6136,6136,6136,6136,6136,6136,6136,6136,6136,6136,6136,6136,6136,6136,6136,6136,NA
241,IQV,NA,NA,NA,NA,NA,NA,NA,NA,NA,NA,NA,NA,NA,NA,NA,NA,NA,NA,17928,17928,17928,17928,17928,17928,17928,17928,17928,17928,17928,17928,17928,17928,NA
242,IR,NA,NA,NA,NA,30098,30098,30098,30098,30098,30098,30098,30098,30098,30098,30098,30098,30098,30098,30098,30098,30098,30098,30098,30098,30098,30098,30098,30098,30098,30098,30098,30098,NA
243,IRM,NA,NA,NA,NA,62374,62374,62374,62374,62374,62374,62374,62374,62374,62374,62374,62374,62374,62374,62374,62374,62374,62374,62374,62374,62374,62374,62374,62374,62374,62374,62374,62374,NA
244,ISRG,NA,NA,NA,NA,NA,NA,NA,136725,136725,136725,136725,136725,136725,136725,136725,136725,136725,136725,136725,136725,136725,136725,136725,136725,136725,136725,136725,136725,136725,136725,136725,136725,NA
245,IT,12441,12441,12441,12441,12441,12441,12441,12441,12441,12441,12441,12441,12441,12441,12441,12441,12441,12441,12441,12441,12441,12441,12441,12441,12441,12441,12441,12441,12441,12441,12441,12441,NA
246,ITW,5878,5878,5878,5878,5878,5878,5878,5878,5878,5878,5878,5878,5878,5878,5878,5878,5878,5878,5878,5878,5878,5878,5878,5878,5878,5878,5878,5878,5878,5878,5878,5878,NA
247,IVZ,NA,NA,NA,NA,29804,29804,29804,29804,29804,29804,29804,29804,29804,29804,29804,29804,29804,29804,29804,29804,29804,29804,29804,29804,29804,29804,29804,29804,29804,29804,29804,29804,NA
248,J,6216,6216,6216,6216,6216,6216,6216,6216,6216,6216,6216,6216,6216,6216,6216,6216,6216,6216,6216,6216,6216,6216,6216,6216,6216,6216,6216,6216,6216,6216,6216,6216,NA
249,JBHT,5783,5783,5783,5783,5783,5783,5783,5783,5783,5783,5783,5783,5783,5783,5783,5783,5783,5783,5783,5783,5783,5783,5783,5783,5783,5783,5783,5783,5783,5783,5783,5783,NA
250,JCI,6268,6268,6268,6268,6268,6268,6268,6268,6268,6268,6268,6268,6268,6268,6268,6268,6268,6268,6268,6268,6268,6268,6268,6268,6268,6268,6268,6268,6268,6268,6268,6268,NA
251,JKHY,11811,11811,11811,11811,11811,11811,11811,11811,11811,11811,11811,11811,11811,11811,11811,11811,11811,11811,11811,11811,11811,11811,11811,11811,11811,11811,11811,11811,11811,11811,11811,11811,11811
252,JNJ,6266,6266,6266,6266,6266,6266,6266,6266,6266,6266,6266,6266,6266,6266,6266,6266,6266,6266,6266,6266,6266,6266,6266,6266,6266,6266,6266,6266,6266,6266,6266,6266,NA
253,JNPR,NA,NA,NA,NA,NA,NA,NA,121718,121718,121718,121718,121718,121718,121718,121718,121718,121718,121718,121718,121718,121718,121718,121718,121718,121718,121718,121718,121718,121718,121718,121718,121718,NA
254,JPM,2968,2968,2968,2968,2968,2968,2968,2968,2968,2968,2968,2968,2968,2968,2968,2968,2968,2968,2968,2968,2968,2968,2968,2968,2968,2968,2968,2968,2968,2968,2968,2968,NA
255,K,6375,6375,6375,6375,6375,6375,6375,6375,6375,6375,6375,6375,6375,6375,6375,6375,6375,6375,6375,6375,6375,6375,6375,6375,6375,6375,6375,6375,6375,6375,6375,6375,NA
256,KDP,NA,NA,28877,28877,28877,28877,28877,28877,28877,28877,28877,28877,28877,28877,28877,28877,28877,28877,28877,28877,28877,28877,28877,28877,28877,28877,28877,28877,28877,28877,28877,28877,NA
257,KEY,9783,9783,9783,9783,9783,9783,9783,9783,9783,9783,9783,9783,9783,9783,9783,9783,9783,9783,9783,9783,9783,9783,9783,9783,9783,9783,9783,9783,9783,9783,9783,9783,NA
258,KEYS,NA,NA,NA,NA,NA,NA,NA,NA,NA,NA,NA,NA,NA,NA,NA,NA,NA,NA,NA,20232,20232,20232,20232,20232,20232,20232,20232,20232,20232,20232,20232,20232,NA
259,KHC,5568,5568,5568,5568,5568,5568,5568,5568,5568,5568,5568,5568,5568,5568,5568,5568,5568,5568,5568,5568,5568,5568,5568,5568,5568,5568,5568,5568,5568,5568,5568,5568,NA
260,KIM,24731,24731,24731,24731,24731,24731,24731,24731,24731,24731,24731,24731,24731,24731,24731,24731,24731,24731,24731,24731,24731,24731,24731,24731,24731,24731,24731,24731,24731,24731,24731,24731,NA
261,KLAC,6304,6304,6304,6304,6304,6304,6304,6304,6304,6304,6304,6304,6304,6304,6304,6304,6304,6304,6304,6304,6304,6304,6304,6304,6304,6304,6304,6304,6304,6304,6304,6304,6304
262,KMB,6435,6435,6435,6435,6435,6435,6435,6435,6435,6435,6435,6435,6435,6435,6435,6435,6435,6435,6435,6435,6435,6435,6435,6435,6435,6435,6435,6435,6435,6435,6435,6435,NA
263,KMI,6310,6310,6310,6310,6310,6310,6310,6310,6310,6310,6310,6310,6310,6310,6310,6310,6310,6310,6310,6310,6310,6310,6310,6310,6310,6310,6310,6310,6310,6310,6310,6310,NA
264,KMX,NA,NA,NA,NA,NA,64410,64410,64410,64410,64410,64410,64410,64410,64410,64410,64410,64410,64410,64410,64410,64410,64410,64410,64410,64410,64410,64410,64410,64410,64410,64410,64410,NA
265,KO,3144,3144,3144,3144,3144,3144,3144,3144,3144,3144,3144,3144,3144,3144,3144,3144,3144,3144,3144,3144,3144,3144,3144,3144,3144,3144,3144,3144,3144,3144,3144,3144,NA
266,KR,6502,6502,6502,6502,6502,6502,6502,6502,6502,6502,6502,6502,6502,6502,6502,6502,6502,6502,6502,6502,6502,6502,6502,6502,6502,6502,6502,6502,6502,6502,6502,6502,NA
267,L,6781,6781,6781,6781,6781,6781,6781,6781,6781,6781,6781,6781,6781,6781,6781,6781,6781,6781,6781,6781,6781,6781,6781,6781,6781,6781,6781,6781,6781,6781,6781,6781,NA
268,LDOS,NA,NA,NA,NA,NA,NA,NA,NA,NA,NA,NA,NA,NA,165123,165123,165123,165123,165123,165123,165123,165123,165123,165123,165123,165123,165123,165123,165123,165123,165123,165123,165123,NA
269,LEN,6669,6669,6669,6669,6669,6669,6669,6669,6669,6669,6669,6669,6669,6669,6669,6669,6669,6669,6669,6669,6669,6669,6669,6669,6669,6669,6669,6669,6669,6669,6669,6669,NA
270,LH,14960,14960,14960,14960,14960,14960,14960,14960,14960,14960,14960,14960,14960,14960,14960,14960,14960,14960,14960,14960,14960,14960,14960,14960,14960,14960,14960,14960,14960,14960,14960,14960,NA
271,LHX,5492,5492,5492,5492,5492,5492,5492,5492,5492,5492,5492,5492,5492,5492,5492,5492,5492,5492,5492,5492,5492,5492,5492,5492,5492,5492,5492,5492,5492,5492,5492,5492,NA
272,LIN,NA,25124,25124,25124,25124,25124,25124,25124,25124,25124,25124,25124,25124,25124,25124,25124,25124,25124,25124,25124,25124,25124,25124,25124,25124,25124,25124,25124,25124,25124,25124,25124,NA
273,LKQ,NA,NA,NA,NA,NA,NA,NA,NA,155394,155394,155394,155394,155394,155394,155394,155394,155394,155394,155394,155394,155394,155394,155394,155394,155394,155394,155394,155394,155394,155394,155394,155394,NA
274,LLY,6730,6730,6730,6730,6730,6730,6730,6730,6730,6730,6730,6730,6730,6730,6730,6730,6730,6730,6730,6730,6730,6730,6730,6730,6730,6730,6730,6730,6730,6730,6730,6730,NA
275,LMT,6774,6774,6774,6774,6774,6774,6774,6774,6774,6774,6774,6774,6774,6774,6774,6774,6774,6774,6774,6774,6774,6774,6774,6774,6774,6774,6774,6774,6774,6774,6774,6774,NA
276,LNC,6742,6742,6742,6742,6742,6742,6742,6742,6742,6742,6742,6742,6742,6742,6742,6742,6742,6742,6742,6742,6742,6742,6742,6742,6742,6742,6742,6742,6742,6742,6742,6742,NA
277,LNT,11554,11554,11554,11554,11554,11554,11554,11554,11554,11554,11554,11554,11554,11554,11554,11554,11554,11554,11554,11554,11554,11554,11554,11554,11554,11554,11554,11554,11554,11554,11554,11554,NA
278,LOW,6829,6829,6829,6829,6829,6829,6829,6829,6829,6829,6829,6829,6829,6829,6829,6829,6829,6829,6829,6829,6829,6829,6829,6829,6829,6829,6829,6829,6829,6829,6829,6829,NA
279,LRCX,6565,6565,6565,6565,6565,6565,6565,6565,6565,6565,6565,6565,6565,6565,6565,6565,6565,6565,6565,6565,6565,6565,6565,6565,6565,6565,6565,6565,6565,6565,6565,6565,6565
280,LUMN,2884,2884,2884,2884,2884,2884,2884,2884,2884,2884,2884,2884,2884,2884,2884,2884,2884,2884,2884,2884,2884,2884,2884,2884,2884,2884,2884,2884,2884,2884,2884,2884,NA
281,LUV,9882,9882,9882,9882,9882,9882,9882,9882,9882,9882,9882,9882,9882,9882,9882,9882,9882,9882,9882,9882,9882,9882,9882,9882,9882,9882,9882,9882,9882,9882,9882,9882,NA
282,LVS,NA,NA,NA,NA,NA,NA,NA,NA,NA,161844,161844,161844,161844,161844,161844,161844,161844,161844,161844,161844,161844,161844,161844,161844,161844,161844,161844,161844,161844,161844,161844,161844,NA
283,LW,NA,NA,NA,NA,NA,NA,NA,NA,NA,NA,NA,NA,NA,NA,NA,NA,NA,NA,NA,NA,NA,28790,28790,28790,28790,28790,28790,28790,28790,28790,28790,28790,NA
284,LYB,NA,NA,NA,NA,NA,NA,NA,NA,NA,NA,NA,NA,NA,NA,NA,NA,NA,NA,294524,294524,294524,294524,294524,294524,294524,294524,294524,294524,294524,294524,294524,294524,NA
285,LYV,NA,NA,NA,NA,NA,NA,NA,NA,NA,NA,NA,165746,165746,165746,165746,165746,165746,165746,165746,165746,165746,165746,165746,165746,165746,165746,165746,165746,165746,165746,165746,165746,NA
286,MA,NA,NA,NA,NA,NA,NA,NA,NA,NA,160225,160225,160225,160225,160225,160225,160225,160225,160225,160225,160225,160225,160225,160225,160225,160225,160225,160225,160225,160225,160225,160225,160225,NA
287,MAA,NA,NA,NA,29649,29649,29649,29649,29649,29649,29649,29649,29649,29649,29649,29649,29649,29649,29649,29649,29649,29649,29649,29649,29649,29649,29649,29649,29649,29649,29649,29649,29649,NA
288,MAR,NA,NA,28930,28930,28930,28930,28930,28930,28930,28930,28930,28930,28930,28930,28930,28930,28930,28930,28930,28930,28930,28930,28930,28930,28930,28930,28930,28930,28930,28930,28930,28930,NA
289,MAS,7085,7085,7085,7085,7085,7085,7085,7085,7085,7085,7085,7085,7085,7085,7085,7085,7085,7085,7085,7085,7085,7085,7085,7085,7085,7085,7085,7085,7085,7085,7085,7085,NA
290,MCD,7154,7154,7154,7154,7154,7154,7154,7154,7154,7154,7154,7154,7154,7154,7154,7154,7154,7154,7154,7154,7154,7154,7154,7154,7154,7154,7154,7154,7154,7154,7154,7154,NA
291,MCHP,NA,27965,27965,27965,27965,27965,27965,27965,27965,27965,27965,27965,27965,27965,27965,27965,27965,27965,27965,27965,27965,27965,27965,27965,27965,27965,27965,27965,27965,27965,27965,27965,NA
292,MCK,7171,7171,7171,7171,7171,7171,7171,7171,7171,7171,7171,7171,7171,7171,7171,7171,7171,7171,7171,7171,7171,7171,7171,7171,7171,7171,7171,7171,7171,7171,7171,7171,NA
293,MCO,NA,NA,NA,NA,NA,NA,139665,139665,139665,139665,139665,139665,139665,139665,139665,139665,139665,139665,139665,139665,139665,139665,139665,139665,139665,139665,139665,139665,139665,139665,139665,139665,NA
294,MDLZ,NA,NA,NA,NA,NA,NA,NA,NA,NA,142953,142953,142953,142953,142953,142953,142953,142953,142953,142953,142953,142953,142953,142953,142953,142953,142953,142953,142953,142953,142953,142953,142953,NA
295,MDT,7228,7228,7228,7228,7228,7228,7228,7228,7228,7228,7228,7228,7228,7228,7228,7228,7228,7228,7228,7228,7228,7228,7228,7228,7228,7228,7228,7228,7228,7228,7228,7228,NA
296,MET,NA,NA,NA,NA,NA,NA,NA,NA,133768,133768,133768,133768,133768,133768,133768,133768,133768,133768,133768,133768,133768,133768,133768,133768,133768,133768,133768,133768,133768,133768,133768,133768,NA
297,META,NA,NA,NA,NA,NA,NA,NA,NA,NA,NA,NA,NA,NA,NA,NA,NA,NA,170617,170617,170617,170617,170617,170617,170617,170617,170617,170617,170617,170617,170617,170617,170617,NA
298,MGM,14418,14418,14418,14418,14418,14418,14418,14418,14418,14418,14418,14418,14418,14418,14418,14418,14418,14418,14418,14418,14418,14418,14418,14418,14418,14418,14418,14418,14418,14418,14418,14418,NA
299,MHK,NA,25119,25119,25119,25119,25119,25119,25119,25119,25119,25119,25119,25119,25119,25119,25119,25119,25119,25119,25119,25119,25119,25119,25119,25119,25119,25119,25119,25119,25119,25119,25119,NA
300,MKC,7146,7146,7146,7146,7146,7146,7146,7146,7146,7146,7146,7146,7146,7146,7146,7146,7146,7146,7146,7146,7146,7146,7146,7146,7146,7146,7146,7146,7146,7146,7146,7146,NA
301,MKTX,NA,NA,NA,NA,NA,NA,NA,NA,NA,NA,NA,158742,158742,158742,158742,158742,158742,158742,158742,158742,158742,158742,158742,158742,158742,158742,158742,158742,158742,158742,158742,158742,NA
302,MLM,NA,NA,NA,29733,29733,29733,29733,29733,29733,29733,29733,29733,29733,29733,29733,29733,29733,29733,29733,29733,29733,29733,29733,29733,29733,29733,29733,29733,29733,29733,29733,29733,NA
303,MMC,7065,7065,7065,7065,7065,7065,7065,7065,7065,7065,7065,7065,7065,7065,7065,7065,7065,7065,7065,7065,7065,7065,7065,7065,7065,7065,7065,7065,7065,7065,7065,7065,NA
304,MMM,7435,7435,7435,7435,7435,7435,7435,7435,7435,7435,7435,7435,7435,7435,7435,7435,7435,7435,7435,7435,7435,7435,7435,7435,7435,7435,7435,7435,7435,7435,7435,7435,NA
305,MNST,24316,24316,24316,24316,24316,24316,24316,24316,24316,24316,24316,24316,24316,24316,24316,24316,24316,24316,24316,24316,24316,24316,24316,24316,24316,24316,24316,24316,24316,24316,24316,24316,NA
306,MO,8543,8543,8543,8543,8543,8543,8543,8543,8543,8543,8543,8543,8543,8543,8543,8543,8543,8543,8543,8543,8543,8543,8543,8543,8543,8543,8543,8543,8543,8543,8543,8543,NA
307,MOH,NA,NA,NA,NA,NA,NA,NA,NA,152149,152149,152149,152149,152149,152149,152149,152149,152149,152149,152149,152149,152149,152149,152149,152149,152149,152149,152149,152149,152149,152149,152149,152149,NA
308,MOS,NA,NA,NA,NA,NA,NA,NA,NA,NA,162129,162129,162129,162129,162129,162129,162129,162129,162129,162129,162129,162129,162129,162129,162129,162129,162129,162129,162129,162129,162129,162129,162129,NA
309,MPC,NA,NA,NA,NA,NA,NA,NA,NA,NA,NA,NA,NA,NA,NA,NA,NA,186989,186989,186989,186989,186989,186989,186989,186989,186989,186989,186989,186989,186989,186989,186989,186989,NA
310,MPWR,NA,NA,NA,NA,NA,NA,NA,NA,NA,160888,160888,160888,160888,160888,160888,160888,160888,160888,160888,160888,160888,160888,160888,160888,160888,160888,160888,160888,160888,160888,160888,160888,NA
311,MRK,7257,7257,7257,7257,7257,7257,7257,7257,7257,7257,7257,7257,7257,7257,7257,7257,7257,7257,7257,7257,7257,7257,7257,7257,7257,7257,7257,7257,7257,7257,7257,7257,NA
312,MRNA,NA,NA,NA,NA,NA,NA,NA,NA,NA,NA,NA,NA,NA,NA,NA,NA,NA,NA,NA,NA,NA,NA,NA,NA,NA,NA,34410,34410,34410,34410,34410,34410,NA
313,MRO,7017,7017,7017,7017,7017,7017,7017,7017,7017,7017,7017,7017,7017,7017,7017,7017,7017,7017,7017,7017,7017,7017,7017,7017,7017,7017,7017,7017,7017,7017,7017,7017,NA
314,MS,12124,12124,12124,12124,12124,12124,12124,12124,12124,12124,12124,12124,12124,12124,12124,12124,12124,12124,12124,12124,12124,12124,12124,12124,12124,12124,12124,12124,12124,12124,12124,12124,NA
315,MSCI,NA,NA,NA,NA,NA,NA,NA,NA,NA,NA,NA,NA,178507,178507,178507,NA,178507,178507,178507,178507,178507,178507,178507,178507,178507,178507,178507,178507,178507,178507,178507,178507,NA
316,MSFT,12141,12141,12141,12141,12141,12141,12141,12141,12141,12141,12141,12141,12141,12141,12141,12141,12141,12141,12141,12141,12141,12141,12141,12141,12141,12141,12141,12141,12141,12141,12141,12141,12141
317,MSI,7585,7585,7585,7585,7585,7585,7585,7585,7585,7585,7585,7585,7585,7585,7585,7585,7585,7585,7585,7585,7585,7585,7585,7585,7585,7585,7585,7585,7585,7585,7585,7585,NA
318,MTB,4699,4699,4699,4699,4699,4699,4699,4699,4699,4699,4699,4699,4699,4699,4699,4699,4699,4699,4699,4699,4699,4699,4699,4699,4699,4699,4699,4699,4699,4699,4699,4699,NA
319,MTCH,NA,NA,26061,26061,26061,26061,26061,26061,26061,26061,26061,26061,26061,26061,26061,26061,26061,26061,26061,26061,26061,26061,26061,26061,26061,26061,26061,26061,26061,26061,26061,26061,NA
320,MTD,NA,NA,NA,NA,NA,NA,65772,65772,65772,65772,65772,65772,65772,65772,65772,65772,65772,65772,65772,65772,65772,65772,65772,65772,65772,65772,65772,65772,65772,65772,65772,65772,NA
321,MU,7343,7343,7343,7343,7343,7343,7343,7343,7343,7343,7343,7343,7343,7343,7343,7343,7343,7343,7343,7343,7343,7343,7343,7343,7343,7343,7343,7343,7343,7343,7343,7343,7343
322,NCLH,NA,NA,NA,NA,NA,NA,NA,NA,NA,NA,NA,NA,NA,NA,NA,NA,NA,104432,104432,104432,104432,104432,104432,104432,104432,104432,104432,104432,104432,104432,104432,104432,NA
323,NDAQ,NA,NA,NA,NA,NA,NA,NA,NA,NA,149337,149337,149337,149337,149337,149337,149337,149337,149337,149337,149337,149337,149337,149337,149337,149337,149337,149337,149337,149337,149337,149337,149337,NA
324,NDSN,7921,7921,7921,7921,7921,7921,7921,7921,7921,7921,7921,7921,7921,7921,7921,7921,7921,7921,7921,7921,7921,7921,7921,7921,7921,7921,7921,7921,7921,7921,7921,7921,NA
325,NEE,4517,4517,4517,4517,4517,4517,4517,4517,4517,4517,4517,4517,4517,4517,4517,4517,4517,4517,4517,4517,4517,4517,4517,4517,4517,4517,4517,4517,4517,4517,4517,4517,NA
326,NEM,7881,7881,7881,7881,7881,7881,7881,7881,7881,7881,7881,7881,7881,7881,7881,7881,7881,7881,7881,7881,7881,7881,7881,7881,7881,7881,7881,7881,7881,7881,7881,7881,NA
327,NFLX,NA,NA,NA,NA,NA,NA,NA,NA,NA,NA,147579,147579,147579,147579,147579,147579,147579,147579,147579,147579,147579,147579,147579,147579,147579,147579,147579,147579,147579,147579,147579,147579,NA
328,NI,7974,7974,7974,7974,7974,7974,7974,7974,7974,7974,7974,7974,7974,7974,7974,7974,7974,7974,7974,7974,7974,7974,7974,7974,7974,7974,7974,7974,7974,7974,7974,7974,NA
329,NKE,7906,7906,7906,7906,7906,7906,7906,7906,7906,7906,7906,7906,7906,7906,7906,7906,7906,7906,7906,7906,7906,7906,7906,7906,7906,7906,7906,7906,7906,7906,7906,7906,NA
330,NLOK,15855,15855,15855,15855,15855,15855,15855,15855,15855,15855,15855,15855,15855,15855,15855,15855,15855,15855,15855,15855,15855,15855,15855,15855,15855,15855,15855,15855,15855,15855,15855,15855,NA
331,NLSN,NA,NA,NA,NA,NA,NA,NA,NA,NA,NA,NA,100873,100873,100873,100873,100873,100873,100873,100873,100873,100873,100873,100873,100873,100873,100873,100873,100873,100873,100873,100873,100873,NA
332,NOC,7985,7985,7985,7985,7985,7985,7985,7985,7985,7985,7985,7985,7985,7985,7985,7985,7985,7985,7985,7985,7985,7985,7985,7985,7985,7985,7985,7985,7985,7985,7985,7985,NA
333,NOW,NA,NA,NA,NA,NA,NA,NA,NA,NA,NA,NA,NA,NA,NA,NA,NA,NA,171007,171007,171007,171007,171007,171007,171007,171007,171007,171007,171007,171007,171007,171007,171007,NA
334,NRG,NA,NA,NA,NA,NA,NA,NA,NA,135990,135990,135990,135990,135990,135990,135990,135990,135990,135990,135990,135990,135990,135990,135990,135990,135990,135990,135990,135990,135990,135990,135990,135990,NA
335,NSC,7923,7923,7923,7923,7923,7923,7923,7923,7923,7923,7923,7923,7923,7923,7923,7923,7923,7923,7923,7923,7923,7923,7923,7923,7923,7923,7923,7923,7923,7923,7923,7923,NA
336,NTAP,NA,NA,NA,NA,61591,61591,61591,61591,61591,61591,61591,61591,61591,61591,61591,61591,61591,61591,61591,61591,61591,61591,61591,61591,61591,61591,61591,61591,61591,61591,61591,61591,NA
337,NTRS,7982,7982,7982,7982,7982,7982,7982,7982,7982,7982,7982,7982,7982,7982,7982,7982,7982,7982,7982,7982,7982,7982,7982,7982,7982,7982,7982,7982,7982,7982,7982,7982,NA
338,NUE,8030,8030,8030,8030,8030,8030,8030,8030,8030,8030,8030,8030,8030,8030,8030,8030,8030,8030,8030,8030,8030,8030,8030,8030,8030,8030,8030,8030,8030,8030,8030,8030,NA
339,NVDA,NA,NA,NA,NA,NA,NA,117768,117768,117768,117768,117768,117768,117768,117768,117768,117768,117768,117768,117768,117768,117768,117768,117768,117768,117768,117768,117768,117768,117768,117768,117768,117768,NA
340,NVR,12459,12459,12459,12459,12459,12459,12459,12459,12459,12459,12459,12459,12459,12459,12459,12459,12459,12459,12459,12459,12459,12459,12459,12459,12459,12459,12459,12459,12459,12459,12459,12459,NA
341,NWL,7875,7875,7875,7875,7875,7875,7875,7875,7875,7875,7875,7875,7875,7875,7875,7875,7875,7875,7875,7875,7875,7875,7875,7875,7875,7875,7875,7875,7875,7875,7875,7875,NA
342,NWSA,NA,NA,NA,NA,NA,NA,NA,NA,NA,NA,NA,NA,NA,NA,NA,NA,NA,NA,NA,NA,NA,18043,18043,18043,18043,18043,18043,18043,18043,18043,18043,18043,18043
343,NXPI,NA,NA,NA,NA,NA,NA,NA,NA,NA,NA,NA,NA,NA,NA,NA,184725,NA,NA,184725,184725,184725,184725,184725,184725,184725,184725,184725,184725,184725,184725,184725,184725,NA
344,O,NA,NA,NA,NA,30822,30822,30822,30822,30822,30822,30822,30822,30822,30822,30822,30822,30822,30822,30822,30822,30822,30822,30822,30822,30822,30822,30822,30822,30822,30822,30822,30822,NA
345,ODFL,24617,24617,24617,24617,24617,24617,24617,24617,24617,24617,24617,24617,24617,24617,24617,24617,24617,24617,24617,24617,24617,24617,24617,24617,24617,24617,24617,24617,24617,24617,24617,24617,NA
346,OGN,NA,NA,NA,NA,NA,NA,NA,NA,NA,NA,NA,NA,NA,NA,NA,NA,NA,NA,NA,NA,NA,NA,NA,NA,NA,NA,NA,NA,38821,38821,38821,38821,NA
347,OKE,8151,8151,8151,8151,8151,8151,8151,8151,8151,8151,8151,8151,8151,8151,8151,8151,8151,8151,8151,8151,8151,8151,8151,8151,8151,8151,8151,8151,8151,8151,8151,8151,NA
348,OMC,4066,4066,4066,4066,4066,4066,4066,4066,4066,4066,4066,4066,4066,4066,4066,4066,4066,4066,4066,4066,4066,4066,4066,4066,4066,4066,4066,4066,4066,4066,4066,4066,NA
349,ON,NA,NA,NA,NA,NA,NA,NA,NA,NA,134932,134932,134932,134932,134932,134932,134932,134932,134932,134932,134932,134932,134932,134932,134932,134932,134932,134932,134932,134932,134932,134932,134932,NA
350,ORCL,12142,12142,12142,12142,12142,12142,12142,12142,12142,12142,12142,12142,12142,12142,12142,12142,12142,12142,12142,12142,12142,12142,12142,12142,12142,12142,12142,12142,12142,12142,12142,12142,NA
351,ORLY,NA,NA,28180,28180,28180,28180,28180,28180,28180,28180,28180,28180,28180,28180,28180,28180,28180,28180,28180,28180,28180,28180,28180,28180,28180,28180,28180,28180,28180,28180,28180,28180,NA
352,OTIS,NA,NA,NA,NA,NA,NA,NA,NA,NA,NA,NA,NA,NA,NA,NA,NA,NA,NA,NA,NA,NA,NA,NA,NA,NA,36190,36190,36190,36190,36190,36190,36190,NA
353,OXY,8068,8068,8068,8068,8068,8068,8068,8068,8068,8068,8068,8068,8068,8068,8068,8068,8068,8068,8068,8068,8068,8068,8068,8068,8068,8068,8068,8068,8068,8068,8068,8068,NA
354,PARA,13714,13714,13714,13714,13714,13714,13714,13714,13714,13714,13714,13714,13714,13714,13714,13714,13714,13714,13714,13714,13714,13714,13714,13714,13714,13714,13714,13714,13714,13714,13714,13714,NA
355,PAYC,NA,NA,NA,NA,NA,NA,NA,NA,NA,NA,NA,NA,NA,NA,NA,NA,NA,NA,NA,NA,NA,20116,20116,20116,20116,20116,20116,20116,20116,20116,20116,20116,NA
356,PAYX,8402,8402,8402,8402,8402,8402,8402,8402,8402,8402,8402,8402,8402,8402,8402,8402,8402,8402,8402,8402,8402,8402,8402,8402,8402,8402,8402,8402,8402,8402,8402,8402,NA
357,PCAR,8253,8253,8253,8253,8253,8253,8253,8253,8253,8253,8253,8253,8253,8253,8253,8253,8253,8253,8253,8253,8253,8253,8253,8253,8253,8253,8253,8253,8253,8253,8253,8253,NA
358,PEAK,13125,13125,13125,13125,13125,13125,13125,13125,13125,13125,13125,13125,13125,13125,13125,13125,13125,13125,13125,13125,13125,13125,13125,13125,13125,13125,13125,13125,13125,13125,13125,13125,NA
359,PEG,8810,8810,8810,8810,8810,8810,8810,8810,8810,8810,8810,8810,8810,8810,8810,8810,8810,8810,8810,8810,8810,8810,8810,8810,8810,8810,8810,8810,8810,8810,8810,8810,NA
360,PENN,NA,NA,NA,30259,30259,30259,30259,30259,30259,30259,30259,30259,30259,30259,30259,30259,30259,30259,30259,30259,30259,30259,30259,30259,30259,30259,30259,30259,30259,30259,30259,30259,NA
361,PEP,8479,8479,8479,8479,8479,8479,8479,8479,8479,8479,8479,8479,8479,8479,8479,8479,8479,8479,8479,8479,8479,8479,8479,8479,8479,8479,8479,8479,8479,8479,8479,8479,NA
362,PFE,8530,8530,8530,8530,8530,8530,8530,8530,8530,8530,8530,8530,8530,8530,8530,8530,8530,8530,8530,8530,8530,8530,8530,8530,8530,8530,8530,8530,8530,8530,8530,8530,NA
363,PFG,NA,NA,NA,NA,NA,NA,NA,NA,NA,145701,145701,145701,145701,145701,145701,145701,145701,145701,145701,145701,145701,145701,145701,145701,145701,145701,145701,145701,145701,145701,145701,145701,NA
364,PG,8762,8762,8762,8762,8762,8762,8762,8762,8762,8762,8762,8762,8762,8762,8762,8762,8762,8762,8762,8762,8762,8762,8762,8762,8762,8762,8762,8762,8762,8762,8762,8762,8762
365,PGR,13341,13341,13341,13341,13341,13341,13341,13341,13341,13341,13341,13341,13341,13341,13341,13341,13341,13341,13341,13341,13341,13341,13341,13341,13341,13341,13341,13341,13341,13341,13341,13341,NA
366,PH,8358,8358,8358,8358,8358,8358,8358,8358,8358,8358,8358,8358,8358,8358,8358,8358,8358,8358,8358,8358,8358,8358,8358,8358,8358,8358,8358,8358,8358,8358,8358,8358,8358
367,PHM,8823,8823,8823,8823,8823,8823,8823,8823,8823,8823,8823,8823,8823,8823,8823,8823,8823,8823,8823,8823,8823,8823,8823,8823,8823,8823,8823,8823,8823,8823,8823,8823,NA
368,PKG,NA,NA,NA,NA,NA,NA,NA,NA,128978,128978,128978,128978,128978,128978,128978,128978,128978,128978,128978,128978,128978,128978,128978,128978,128978,128978,128978,128978,128978,128978,128978,128978,NA
369,PKI,4145,4145,4145,4145,4145,4145,4145,4145,4145,4145,4145,4145,4145,4145,4145,4145,4145,4145,4145,4145,4145,4145,4145,4145,4145,4145,4145,4145,4145,4145,4145,4145,NA
370,PLD,NA,NA,NA,29984,29984,29984,29984,29984,29984,29984,29984,29984,29984,29984,29984,29984,29984,29984,29984,29984,29984,29984,29984,29984,29984,29984,29984,29984,29984,29984,29984,29984,NA
371,PM,NA,NA,NA,NA,NA,NA,NA,NA,NA,NA,NA,NA,NA,179621,179621,179621,179621,179621,179621,179621,179621,179621,179621,179621,179621,179621,179621,179621,179621,179621,179621,179621,NA
372,PNC,8245,8245,8245,8245,8245,8245,8245,8245,8245,8245,8245,8245,8245,8245,8245,8245,8245,8245,8245,8245,8245,8245,8245,8245,8245,8245,8245,8245,8245,8245,8245,8245,NA
373,PNR,8463,8463,8463,8463,8463,8463,8463,8463,8463,8463,8463,8463,8463,8463,8463,8463,8463,8463,8463,8463,8463,8463,8463,8463,8463,8463,8463,8463,8463,8463,8463,8463,NA
374,PNW,1075,1075,1075,1075,1075,1075,1075,1075,1075,1075,1075,1075,1075,1075,1075,1075,1075,1075,1075,1075,1075,1075,1075,1075,1075,1075,1075,1075,1075,1075,1075,1075,NA
375,POOL,NA,NA,NA,NA,61420,61420,61420,61420,61420,61420,61420,61420,61420,61420,61420,61420,61420,61420,61420,61420,61420,61420,61420,61420,61420,61420,61420,61420,61420,61420,61420,61420,NA
376,PPG,8247,8247,8247,8247,8247,8247,8247,8247,8247,8247,8247,8247,8247,8247,8247,8247,8247,8247,8247,8247,8247,8247,8247,8247,8247,8247,8247,8247,8247,8247,8247,8247,NA
377,PPL,8455,8455,8455,8455,8455,8455,8455,8455,8455,8455,8455,8455,8455,8455,8455,8455,8455,8455,8455,8455,8455,8455,8455,8455,8455,8455,8455,8455,8455,8455,8455,8455,NA
378,PRU,NA,NA,NA,NA,NA,NA,NA,NA,NA,143356,143356,143356,143356,143356,143356,143356,143356,143356,143356,143356,143356,143356,143356,143356,143356,143356,143356,143356,143356,143356,143356,143356,NA
379,PSA,10096,10096,10096,10096,10096,10096,10096,10096,10096,10096,10096,10096,10096,10096,10096,10096,10096,10096,10096,10096,10096,10096,10096,10096,10096,10096,10096,10096,10096,10096,10096,10096,NA
380,PSX,NA,NA,NA,NA,NA,NA,NA,NA,NA,NA,NA,NA,NA,NA,NA,NA,NA,NA,NA,NA,170841,170841,170841,170841,170841,170841,170841,170841,170841,170841,170841,170841,NA
381,PTC,18699,18699,18699,18699,18699,18699,18699,18699,18699,18699,18699,18699,18699,18699,18699,18699,18699,18699,18699,18699,18699,18699,18699,18699,18699,18699,18699,18699,18699,18699,18699,18699,NA
382,PVH,8551,8551,8551,8551,8551,8551,8551,8551,8551,8551,8551,8551,8551,8551,8551,8551,8551,8551,8551,8551,8551,8551,8551,8551,8551,8551,8551,8551,8551,8551,8551,8551,NA
383,PWR,NA,NA,NA,NA,NA,NA,66446,66446,66446,66446,66446,66446,66446,66446,66446,66446,66446,66446,66446,66446,66446,66446,66446,66446,66446,66446,66446,66446,66446,66446,66446,66446,NA
384,PXD,14359,14359,14359,14359,14359,14359,14359,14359,14359,14359,14359,14359,14359,14359,14359,14359,14359,14359,14359,14359,14359,14359,14359,14359,14359,14359,14359,14359,14359,14359,14359,14359,NA
385,PYPL,NA,NA,NA,NA,NA,NA,NA,NA,NA,NA,NA,NA,NA,NA,NA,NA,NA,NA,NA,NA,24616,24616,24616,24616,24616,24616,24616,24616,24616,24616,24616,24616,NA
386,QCOM,NA,24800,24800,24800,24800,24800,24800,24800,24800,24800,24800,24800,24800,24800,24800,24800,24800,24800,24800,24800,24800,24800,24800,24800,24800,24800,24800,24800,24800,24800,24800,24800,NA
387,QRVO,NA,NA,NA,NA,NA,64853,64853,64853,64853,64853,64853,64853,64853,64853,64853,64853,64853,64853,64853,64853,64853,64853,64853,64853,64853,64853,64853,64853,64853,64853,64853,64853,NA
388,RCL,NA,NA,28191,28191,28191,28191,28191,28191,28191,28191,28191,28191,28191,28191,28191,28191,28191,28191,28191,28191,28191,28191,28191,28191,28191,28191,28191,28191,28191,28191,28191,28191,NA
389,RE,NA,NA,NA,NA,61388,61388,61388,61388,61388,61388,61388,61388,61388,61388,61388,61388,61388,61388,61388,61388,61388,61388,61388,61388,61388,61388,61388,61388,61388,61388,61388,61388,NA
390,REG,NA,NA,NA,29099,29099,29099,29099,29099,29099,29099,29099,29099,29099,29099,29099,29099,29099,29099,29099,29099,29099,29099,29099,29099,29099,29099,29099,29099,29099,29099,29099,29099,NA
391,REGN,23812,23812,23812,23812,23812,23812,23812,23812,23812,23812,23812,23812,23812,23812,23812,23812,23812,23812,23812,23812,23812,23812,23812,23812,23812,23812,23812,23812,23812,23812,23812,23812,NA
392,RF,4674,4674,4674,4674,4674,4674,4674,4674,4674,4674,4674,4674,4674,4674,4674,4674,4674,4674,4674,4674,4674,4674,4674,4674,4674,4674,4674,4674,4674,4674,4674,4674,NA
393,RHI,2312,2312,2312,2312,2312,2312,2312,2312,2312,2312,2312,2312,2312,2312,2312,2312,2312,2312,2312,2312,2312,2312,2312,2312,2312,2312,2312,2312,2312,2312,2312,2312,NA
394,RJF,8898,8898,8898,8898,8898,8898,8898,8898,8898,8898,8898,8898,8898,8898,8898,8898,8898,8898,8898,8898,8898,8898,8898,8898,8898,8898,8898,8898,8898,8898,8898,8898,NA
395,RL,NA,NA,NA,NA,NA,64891,64891,64891,64891,64891,64891,64891,64891,64891,64891,64891,64891,64891,64891,64891,64891,64891,64891,64891,64891,64891,64891,64891,64891,64891,64891,64891,NA
396,RMD,NA,NA,NA,NA,31887,31887,31887,31887,31887,31887,31887,31887,31887,31887,31887,31887,31887,31887,31887,31887,31887,31887,31887,31887,31887,31887,31887,31887,31887,31887,31887,31887,31887
397,ROK,9203,9203,9203,9203,9203,9203,9203,9203,9203,9203,9203,9203,9203,9203,9203,9203,9203,9203,9203,9203,9203,9203,9203,9203,9203,9203,9203,9203,9203,9203,9203,9203,NA
398,ROL,9225,9225,9225,9225,9225,9225,9225,9225,9225,9225,9225,9225,9225,9225,9225,9225,9225,9225,9225,9225,9225,9225,9225,9225,9225,9225,9225,9225,9225,9225,9225,9225,NA
399,ROP,NA,24925,24925,24925,24925,24925,24925,24925,24925,24925,24925,24925,24925,24925,24925,24925,24925,24925,24925,24925,24925,24925,24925,24925,24925,24925,24925,24925,24925,24925,24925,24925,NA
400,ROST,9248,9248,9248,9248,9248,9248,9248,9248,9248,9248,9248,9248,9248,9248,9248,9248,9248,9248,9248,9248,9248,9248,9248,9248,9248,9248,9248,9248,9248,9248,9248,9248,NA
401,RSG,NA,NA,NA,NA,NA,NA,NA,112168,112168,112168,112168,112168,112168,112168,112168,112168,112168,112168,112168,112168,112168,112168,112168,112168,112168,112168,112168,112168,112168,112168,112168,112168,NA
402,RTX,10983,10983,10983,10983,10983,10983,10983,10983,10983,10983,10983,10983,10983,10983,10983,10983,10983,10983,10983,10983,10983,10983,10983,10983,10983,10983,10983,10983,10983,10983,10983,10983,NA
403,SBAC,NA,NA,NA,NA,NA,NA,NA,121382,121382,121382,121382,121382,121382,121382,121382,121382,121382,121382,121382,121382,121382,121382,121382,121382,121382,121382,121382,121382,121382,121382,121382,121382,NA
404,SBNY,NA,NA,NA,NA,NA,NA,NA,NA,NA,NA,NA,NA,NA,NA,160776,160776,160776,160776,160776,160776,160776,160776,160776,160776,160776,160776,160776,160776,160776,160776,160776,160776,NA
405,SBUX,NA,25434,25434,25434,25434,25434,25434,25434,25434,25434,25434,25434,25434,25434,25434,25434,25434,25434,25434,25434,25434,25434,25434,25434,25434,25434,25434,25434,25434,25434,25434,25434,NA
406,SCHW,13988,13988,13988,13988,13988,13988,13988,13988,13988,13988,13988,13988,13988,13988,13988,13988,13988,13988,13988,13988,13988,13988,13988,13988,13988,13988,13988,13988,13988,13988,13988,13988,NA
407,SEDG,NA,NA,NA,NA,NA,NA,NA,NA,NA,NA,NA,NA,NA,NA,NA,NA,NA,NA,NA,NA,23119,23119,23119,23119,23119,23119,23119,23119,23119,23119,23119,23119,NA
408,SEE,9555,9555,9555,9555,9555,9555,9555,9555,9555,9555,9555,9555,9555,9555,9555,9555,9555,9555,9555,9555,9555,9555,9555,9555,9555,9555,9555,9555,9555,9555,9555,9555,NA
409,SHW,9667,9667,9667,9667,9667,9667,9667,9667,9667,9667,9667,9667,9667,9667,9667,9667,9667,9667,9667,9667,9667,9667,9667,9667,9667,9667,9667,9667,9667,9667,9667,9667,NA
410,SIVB,17120,17120,17120,17120,17120,17120,17120,17120,17120,17120,17120,17120,17120,17120,17120,17120,17120,17120,17120,17120,17120,17120,17120,17120,17120,17120,17120,17120,17120,17120,17120,17120,NA
411,SJM,9777,9777,9777,9777,9777,9777,9777,9777,9777,9777,9777,9777,9777,9777,9777,9777,9777,9777,9777,9777,9777,9777,9777,9777,9777,9777,9777,9777,9777,9777,9777,9777,NA
412,SLB,9465,9465,9465,9465,9465,9465,9465,9465,9465,9465,9465,9465,9465,9465,9465,9465,9465,9465,9465,9465,9465,9465,9465,9465,9465,9465,9465,9465,9465,9465,9465,9465,NA
413,SNA,9778,9778,9778,9778,9778,9778,9778,9778,9778,9778,9778,9778,9778,9778,9778,9778,9778,9778,9778,9778,9778,9778,9778,9778,9778,9778,9778,9778,9778,9778,9778,9778,NA
414,SNPS,NA,24975,24975,24975,24975,24975,24975,24975,24975,24975,24975,24975,24975,24975,24975,24975,24975,24975,24975,24975,24975,24975,24975,24975,24975,24975,24975,24975,24975,24975,24975,24975,NA
415,SO,9850,9850,9850,9850,9850,9850,9850,9850,9850,9850,9850,9850,9850,9850,9850,9850,9850,9850,9850,9850,9850,9850,9850,9850,9850,9850,9850,9850,9850,9850,9850,9850,NA
416,SPG,NA,NA,29389,29389,29389,29389,29389,29389,29389,29389,29389,29389,29389,29389,29389,29389,29389,29389,29389,29389,29389,29389,29389,29389,29389,29389,29389,29389,29389,29389,29389,29389,NA
417,SPGI,7163,7163,7163,7163,7163,7163,7163,7163,7163,7163,7163,7163,7163,7163,7163,7163,7163,7163,7163,7163,7163,7163,7163,7163,7163,7163,7163,7163,7163,7163,7163,7163,NA
418,SRE,8272,8272,8272,8272,8272,8272,8272,8272,8272,8272,8272,8272,8272,8272,8272,8272,8272,8272,8272,8272,8272,8272,8272,8272,8272,8272,8272,8272,8272,8272,8272,8272,NA
419,STE,NA,25313,25313,25313,25313,25313,25313,25313,25313,25313,25313,25313,25313,25313,25313,25313,25313,25313,25313,25313,25313,25313,25313,25313,25313,25313,25313,25313,25313,25313,25313,25313,NA
420,STT,10035,10035,10035,10035,10035,10035,10035,10035,10035,10035,10035,10035,10035,10035,10035,10035,10035,10035,10035,10035,10035,10035,10035,10035,10035,10035,10035,10035,10035,10035,10035,10035,NA
421,STX,NA,NA,NA,NA,NA,NA,NA,NA,150937,150937,150937,150937,150937,150937,150937,150937,150937,150937,150937,150937,150937,150937,150937,150937,150937,150937,150937,150937,150937,150937,150937,150937,150937
422,STZ,2710,2710,2710,2710,2710,2710,2710,2710,2710,2710,2710,2710,2710,2710,2710,2710,2710,2710,2710,2710,2710,2710,2710,2710,2710,2710,2710,2710,2710,2710,2710,2710,NA
423,SWK,10016,10016,10016,10016,10016,10016,10016,10016,10016,10016,10016,10016,10016,10016,10016,10016,10016,10016,10016,10016,10016,10016,10016,10016,10016,10016,10016,10016,10016,10016,10016,10016,NA
424,SWKS,1327,1327,1327,1327,1327,1327,1327,1327,1327,1327,1327,1327,1327,1327,1327,1327,1327,1327,1327,1327,1327,1327,1327,1327,1327,1327,1327,1327,1327,1327,1327,1327,NA
425,SYF,NA,NA,NA,NA,NA,NA,NA,NA,NA,NA,NA,NA,NA,NA,NA,NA,NA,NA,NA,20686,20686,20686,20686,20686,20686,20686,20686,20686,20686,20686,20686,20686,NA
426,SYK,10115,10115,10115,10115,10115,10115,10115,10115,10115,10115,10115,10115,10115,10115,10115,10115,10115,10115,10115,10115,10115,10115,10115,10115,10115,10115,10115,10115,10115,10115,10115,10115,NA
427,SYY,10247,10247,10247,10247,10247,10247,10247,10247,10247,10247,10247,10247,10247,10247,10247,10247,10247,10247,10247,10247,10247,10247,10247,10247,10247,10247,10247,10247,10247,10247,10247,10247,10247
428,T,9899,9899,9899,9899,9899,9899,9899,9899,9899,9899,9899,9899,9899,9899,9899,9899,9899,9899,9899,9899,9899,9899,9899,9899,9899,9899,9899,9899,9899,9899,9899,9899,NA
429,TAP,3505,3505,3505,3505,3505,3505,3505,3505,3505,3505,3505,3505,3505,3505,3505,3505,3505,3505,3505,3505,3505,3505,3505,3505,3505,3505,3505,3505,3505,3505,3505,3505,NA
430,TDG,NA,NA,NA,NA,NA,NA,NA,NA,NA,NA,148349,148349,148349,148349,148349,148349,148349,148349,148349,148349,148349,148349,148349,148349,148349,148349,148349,148349,148349,148349,148349,148349,NA
431,TDY,NA,NA,NA,NA,NA,NA,126721,126721,126721,126721,126721,126721,126721,126721,126721,126721,126721,126721,126721,126721,126721,126721,126721,126721,126721,126721,126721,126721,126721,126721,126721,126721,NA
432,TECH,15414,15414,15414,15414,15414,15414,15414,15414,15414,15414,15414,15414,15414,15414,15414,15414,15414,15414,15414,15414,15414,15414,15414,15414,15414,15414,15414,15414,15414,15414,15414,15414,15414
433,TEL,NA,NA,NA,NA,NA,NA,NA,NA,NA,NA,NA,NA,177267,177267,NA,NA,177267,177267,177267,177267,177267,177267,177267,177267,177267,177267,177267,177267,177267,177267,177267,177267,NA
434,TER,10453,10453,10453,10453,10453,10453,10453,10453,10453,10453,10453,10453,10453,10453,10453,10453,10453,10453,10453,10453,10453,10453,10453,10453,10453,10453,10453,10453,10453,10453,10453,10453,NA
435,TFC,11856,11856,11856,11856,11856,11856,11856,11856,11856,11856,11856,11856,11856,11856,11856,11856,11856,11856,11856,11856,11856,11856,11856,11856,11856,11856,11856,11856,11856,11856,11856,11856,NA
436,TFX,10407,10407,10407,10407,10407,10407,10407,10407,10407,10407,10407,10407,10407,10407,10407,10407,10407,10407,10407,10407,10407,10407,10407,10407,10407,10407,10407,10407,10407,10407,10407,10407,NA
437,TGT,3813,3813,3813,3813,3813,3813,3813,3813,3813,3813,3813,3813,3813,3813,3813,3813,3813,3813,3813,3813,3813,3813,3813,3813,3813,3813,3813,3813,3813,3813,3813,3813,NA
438,TJX,11672,11672,11672,11672,11672,11672,11672,11672,11672,11672,11672,11672,11672,11672,11672,11672,11672,11672,11672,11672,11672,11672,11672,11672,11672,11672,11672,11672,11672,11672,11672,11672,NA
439,TMO,10530,10530,10530,10530,10530,10530,10530,10530,10530,10530,10530,10530,10530,10530,10530,10530,10530,10530,10530,10530,10530,10530,10530,10530,10530,10530,10530,10530,10530,10530,10530,10530,NA
440,TMUS,NA,NA,NA,NA,NA,NA,NA,NA,NA,NA,NA,NA,NA,NA,NA,NA,NA,NA,NA,NA,NA,NA,NA,17874,17874,17874,17874,17874,17874,17874,17874,17874,NA
441,TPR,NA,NA,NA,NA,NA,NA,NA,NA,NA,140541,140541,140541,140541,140541,140541,140541,140541,140541,140541,140541,140541,140541,140541,140541,140541,140541,140541,140541,140541,140541,140541,140541,140541
442,TRMB,22815,22815,22815,22815,22815,22815,22815,22815,22815,22815,22815,22815,22815,22815,22815,22815,22815,22815,22815,22815,22815,22815,22815,22815,22815,22815,22815,22815,22815,22815,22815,22815,NA
443,TROW,12138,12138,12138,12138,12138,12138,12138,12138,12138,12138,12138,12138,12138,12138,12138,12138,12138,12138,12138,12138,12138,12138,12138,12138,12138,12138,12138,12138,12138,12138,12138,12138,NA
444,TRV,NA,NA,NA,NA,NA,62689,62689,62689,62689,62689,62689,62689,62689,62689,62689,62689,62689,62689,62689,62689,62689,62689,62689,62689,62689,62689,62689,62689,62689,62689,62689,62689,NA
445,TSCO,NA,NA,NA,29736,29736,29736,29736,29736,29736,29736,29736,29736,29736,29736,29736,29736,29736,29736,29736,29736,29736,29736,29736,29736,29736,29736,29736,29736,29736,29736,29736,29736,NA
446,TSLA,NA,NA,NA,NA,NA,NA,NA,NA,NA,NA,NA,NA,NA,NA,NA,184996,184996,184996,184996,184996,184996,184996,184996,184996,184996,184996,184996,184996,184996,184996,184996,184996,NA
447,TSN,10793,10793,10793,10793,10793,10793,10793,10793,10793,10793,10793,10793,10793,10793,10793,10793,10793,10793,10793,10793,10793,10793,10793,10793,10793,10793,10793,10793,10793,10793,10793,10793,NA
448,TT,5959,5959,5959,5959,5959,5959,5959,5959,5959,5959,5959,5959,5959,5959,5959,5959,5959,5959,5959,5959,5959,5959,5959,5959,5959,5959,5959,5959,5959,5959,5959,5959,NA
449,TTWO,NA,NA,NA,NA,NA,NA,64630,64630,64630,64630,64630,64630,64630,64630,64630,64630,64630,64630,64630,64630,64630,64630,64630,64630,64630,64630,64630,64630,64630,64630,64630,64630,NA
450,TWTR,NA,NA,NA,NA,NA,NA,NA,NA,NA,NA,NA,NA,NA,NA,NA,NA,NA,NA,NA,NA,18872,18872,18872,18872,18872,18872,18872,18872,18872,18872,18872,18872,NA
451,TXN,10499,10499,10499,10499,10499,10499,10499,10499,10499,10499,10499,10499,10499,10499,10499,10499,10499,10499,10499,10499,10499,10499,10499,10499,10499,10499,10499,10499,10499,10499,10499,10499,NA
452,TXT,10519,10519,10519,10519,10519,10519,10519,10519,10519,10519,10519,10519,10519,10519,10519,10519,10519,10519,10519,10519,10519,10519,10519,10519,10519,10519,10519,10519,10519,10519,10519,10519,NA
453,TYL,10789,10789,10789,10789,10789,10789,10789,10789,10789,10789,10789,10789,10789,10789,10789,10789,10789,10789,10789,10789,10789,10789,10789,10789,10789,10789,10789,10789,10789,10789,10789,10789,NA
454,UAL,10795,10795,10795,10795,10795,10795,10795,10795,10795,10795,10795,10795,10795,10795,10795,10795,10795,10795,10795,10795,10795,10795,10795,10795,10795,10795,10795,10795,10795,10795,10795,10795,NA
455,UDR,10894,10894,10894,10894,10894,10894,10894,10894,10894,10894,10894,10894,10894,10894,10894,10894,10894,10894,10894,10894,10894,10894,10894,10894,10894,10894,10894,10894,10894,10894,10894,10894,NA
456,UHS,11032,11032,11032,11032,11032,11032,11032,11032,11032,11032,11032,11032,11032,11032,11032,11032,11032,11032,11032,11032,11032,11032,11032,11032,11032,11032,11032,11032,11032,11032,11032,11032,NA
457,ULTA,NA,NA,NA,NA,NA,NA,NA,NA,NA,NA,NA,NA,178704,178704,178704,178704,178704,178704,178704,178704,178704,178704,178704,178704,178704,178704,178704,178704,178704,178704,178704,178704,NA
458,UNH,10903,10903,10903,10903,10903,10903,10903,10903,10903,10903,10903,10903,10903,10903,10903,10903,10903,10903,10903,10903,10903,10903,10903,10903,10903,10903,10903,10903,10903,10903,10903,10903,NA
459,UNP,10867,10867,10867,10867,10867,10867,10867,10867,10867,10867,10867,10867,10867,10867,10867,10867,10867,10867,10867,10867,10867,10867,10867,10867,10867,10867,10867,10867,10867,10867,10867,10867,NA
460,UPS,10920,10920,10920,10920,10920,10920,10920,10920,10920,10920,10920,10920,10920,10920,10920,10920,10920,10920,10920,10920,10920,10920,10920,10920,10920,10920,10920,10920,10920,10920,10920,10920,NA
461,URI,NA,NA,NA,NA,NA,NA,NA,66065,66065,66065,66065,66065,66065,66065,66065,66065,66065,66065,66065,66065,66065,66065,66065,66065,66065,66065,66065,66065,66065,66065,66065,66065,NA
462,USB,4723,4723,4723,4723,4723,4723,4723,4723,4723,4723,4723,4723,4723,4723,4723,4723,4723,4723,4723,4723,4723,4723,4723,4723,4723,4723,4723,4723,4723,4723,4723,4723,NA
463,V,NA,NA,NA,NA,NA,NA,NA,NA,NA,NA,NA,NA,NA,179534,179534,179534,179534,179534,179534,179534,179534,179534,179534,179534,179534,179534,179534,179534,179534,179534,179534,179534,NA
464,VFC,11060,11060,11060,11060,11060,11060,11060,11060,11060,11060,11060,11060,11060,11060,11060,11060,11060,11060,11060,11060,11060,11060,11060,11060,11060,11060,11060,11060,11060,11060,11060,11060,NA
465,VICI,NA,NA,NA,NA,NA,NA,NA,NA,NA,NA,NA,NA,NA,NA,NA,NA,NA,NA,NA,NA,NA,NA,NA,NA,NA,NA,NA,32580,32580,32580,32580,32580,NA
466,VLO,15247,15247,15247,15247,15247,15247,15247,15247,15247,15247,15247,15247,15247,15247,15247,15247,15247,15247,15247,15247,15247,15247,15247,15247,15247,15247,15247,15247,15247,15247,15247,15247,NA
467,VMC,11228,11228,11228,11228,11228,11228,11228,11228,11228,11228,11228,11228,11228,11228,11228,11228,11228,11228,11228,11228,11228,11228,11228,11228,11228,11228,11228,11228,11228,11228,11228,11228,NA
468,VNO,11220,11220,11220,11220,11220,11220,11220,11220,11220,11220,11220,11220,11220,11220,11220,11220,11220,11220,11220,11220,11220,11220,11220,11220,11220,11220,11220,11220,11220,11220,11220,11220,NA
469,VRSK,NA,NA,NA,NA,NA,NA,NA,NA,NA,NA,NA,NA,NA,NA,NA,NA,NA,180652,180652,180652,180652,180652,180652,180652,180652,180652,180652,180652,180652,180652,180652,180652,NA
470,VRSN,NA,NA,NA,NA,NA,66368,66368,66368,66368,66368,66368,66368,66368,66368,66368,66368,66368,66368,66368,66368,66368,66368,66368,66368,66368,66368,66368,66368,66368,66368,66368,66368,NA
471,VRTX,24344,24344,24344,24344,24344,24344,24344,24344,24344,24344,24344,24344,24344,24344,24344,24344,24344,24344,24344,24344,24344,24344,24344,24344,24344,24344,24344,24344,24344,24344,24344,24344,NA
472,VTR,NA,NA,NA,NA,NA,NA,NA,NA,110179,110179,110179,110179,110179,110179,110179,110179,110179,110179,110179,110179,110179,110179,110179,110179,110179,110179,110179,110179,110179,110179,110179,110179,NA
473,VTRS,7637,7637,7637,7637,7637,7637,7637,7637,7637,7637,7637,7637,7637,7637,7637,7637,7637,7637,7637,7637,7637,7637,7637,7637,7637,7637,7637,7637,7637,7637,7637,7637,NA
474,VZ,2136,2136,2136,2136,2136,2136,2136,2136,2136,2136,2136,2136,2136,2136,2136,2136,2136,2136,2136,2136,2136,2136,2136,2136,2136,2136,2136,2136,2136,2136,2136,2136,NA
475,WAB,NA,NA,NA,NA,60979,60979,60979,60979,60979,60979,60979,60979,60979,60979,60979,60979,60979,60979,60979,60979,60979,60979,60979,60979,60979,60979,60979,60979,60979,60979,60979,60979,NA
476,WAT,NA,NA,NA,NA,61574,61574,61574,61574,61574,61574,61574,61574,61574,61574,61574,61574,61574,61574,61574,61574,61574,61574,61574,61574,61574,61574,61574,61574,61574,61574,61574,61574,NA
477,WBA,11264,11264,11264,11264,11264,11264,11264,11264,11264,11264,11264,11264,11264,11264,11264,11264,11264,11264,11264,11264,11264,11264,11264,11264,11264,11264,11264,11264,11264,11264,11264,11264,NA
478,WBD,NA,NA,NA,NA,NA,NA,NA,NA,NA,NA,164296,164296,164296,164296,164296,164296,164296,164296,164296,164296,164296,164296,164296,164296,164296,164296,164296,164296,164296,164296,164296,164296,NA
479,WDC,11399,11399,11399,11399,11399,11399,11399,11399,11399,11399,11399,11399,11399,11399,11399,11399,11399,11399,11399,11399,11399,11399,11399,11399,11399,11399,11399,11399,11399,11399,11399,11399,11399
480,WEC,11550,11550,11550,11550,11550,11550,11550,11550,11550,11550,11550,11550,11550,11550,11550,11550,11550,11550,11550,11550,11550,11550,11550,11550,11550,11550,11550,11550,11550,11550,11550,11550,NA
481,WELL,5543,5543,5543,5543,5543,5543,5543,5543,5543,5543,5543,5543,5543,5543,5543,5543,5543,5543,5543,5543,5543,5543,5543,5543,5543,5543,5543,5543,5543,5543,5543,5543,NA
482,WFC,8007,8007,8007,8007,8007,8007,8007,8007,8007,8007,8007,8007,8007,8007,8007,8007,8007,8007,8007,8007,8007,8007,8007,8007,8007,8007,8007,8007,8007,8007,8007,8007,NA
483,WHR,11465,11465,11465,11465,11465,11465,11465,11465,11465,11465,11465,11465,11465,11465,11465,11465,11465,11465,11465,11465,11465,11465,11465,11465,11465,11465,11465,11465,11465,11465,11465,11465,NA
484,WM,14477,14477,14477,14477,14477,14477,14477,14477,14477,14477,14477,14477,14477,14477,14477,14477,14477,14477,14477,14477,14477,14477,14477,14477,14477,14477,14477,14477,14477,14477,14477,14477,NA
485,WMB,11506,11506,11506,11506,11506,11506,11506,11506,11506,11506,11506,11506,11506,11506,11506,11506,11506,11506,11506,11506,11506,11506,11506,11506,11506,11506,11506,11506,11506,11506,11506,11506,NA
486,WMT,11259,11259,11259,11259,11259,11259,11259,11259,11259,11259,11259,11259,11259,11259,11259,11259,11259,11259,11259,11259,11259,11259,11259,11259,11259,11259,11259,11259,11259,11259,11259,11259,NA
487,WRB,14822,14822,14822,14822,14822,14822,14822,14822,14822,14822,14822,14822,14822,14822,14822,14822,14822,14822,14822,14822,14822,14822,14822,14822,14822,14822,14822,14822,14822,14822,14822,14822,NA
488,WRK,NA,NA,NA,29830,29830,29830,29830,29830,29830,29830,29830,29830,29830,29830,29830,29830,29830,29830,29830,29830,29830,29830,29830,29830,29830,29830,29830,29830,29830,29830,29830,29830,NA
489,WST,11376,11376,11376,11376,11376,11376,11376,11376,11376,11376,11376,11376,11376,11376,11376,11376,11376,11376,11376,11376,11376,11376,11376,11376,11376,11376,11376,11376,11376,11376,11376,11376,NA
490,WTW,NA,NA,NA,NA,NA,NA,144009,NA,NA,144009,144009,144009,144009,144009,144009,144009,144009,144009,144009,144009,144009,144009,144009,144009,144009,144009,144009,144009,144009,144009,144009,144009,NA
491,WY,11456,11456,11456,11456,11456,11456,11456,11456,11456,11456,11456,11456,11456,11456,11456,11456,11456,11456,11456,11456,11456,11456,11456,11456,11456,11456,11456,11456,11456,11456,11456,11456,NA
492,WYNN,NA,NA,NA,NA,NA,NA,NA,NA,NA,NA,149318,149318,149318,149318,149318,149318,149318,149318,149318,149318,149318,149318,149318,149318,149318,149318,149318,149318,149318,149318,149318,149318,NA
493,XEL,7977,7977,7977,7977,7977,7977,7977,7977,7977,7977,7977,7977,7977,7977,7977,7977,7977,7977,7977,7977,7977,7977,7977,7977,7977,7977,7977,7977,7977,7977,7977,7977,NA
494,XOM,4503,4503,4503,4503,4503,4503,4503,4503,4503,4503,4503,4503,4503,4503,4503,4503,4503,4503,4503,4503,4503,4503,4503,4503,4503,4503,4503,4503,4503,4503,4503,4503,NA
495,XRAY,13700,13700,13700,13700,13700,13700,13700,13700,13700,13700,13700,13700,13700,13700,13700,13700,13700,13700,13700,13700,13700,13700,13700,13700,13700,13700,13700,13700,13700,13700,13700,13700,NA
496,XYL,NA,NA,NA,NA,NA,NA,NA,NA,NA,NA,NA,NA,NA,NA,NA,NA,189491,189491,189491,189491,189491,189491,189491,189491,189491,189491,189491,189491,189491,189491,189491,189491,NA
497,YUM,NA,NA,NA,NA,NA,65417,65417,65417,65417,65417,65417,65417,65417,65417,65417,65417,65417,65417,65417,65417,65417,65417,65417,65417,65417,65417,65417,65417,65417,65417,65417,65417,NA
498,ZBH,NA,NA,NA,NA,NA,NA,NA,144559,144559,144559,144559,144559,144559,144559,144559,144559,144559,144559,144559,144559,144559,144559,144559,144559,144559,144559,144559,144559,144559,144559,144559,144559,NA
499,ZBRA,24405,24405,24405,24405,24405,24405,24405,24405,24405,24405,24405,24405,24405,24405,24405,24405,24405,24405,24405,24405,24405,24405,24405,24405,24405,24405,24405,24405,24405,24405,24405,24405,NA
500,ZION,11687,11687,11687,11687,11687,11687,11687,11687,11687,11687,11687,11687,11687,11687,11687,11687,11687,11687,11687,11687,11687,11687,11687,11687,11687,11687,11687,11687,11687,11687,11687,11687,NA
501,ZTS,NA,NA,NA,NA,NA,NA,NA,NA,NA,NA,NA,NA,NA,NA,NA,NA,NA,NA,NA,13721,13721,13721,13721,13721,13721,13721,13721,13721,13721,13721,13721,13721,NA
