,Time,pp,pp_nr5,Accelerator,Brake,Steering,Speed,IN_Lat,IN_Long
1,0,0.00423516908333333,0.00436862742365103,20.672936980198,55.6995004752475,-350.802405841584,0,1836.067698,-5781.194376
2,1,0.00377763933333333,0.00435453299735208,20.6725070251256,58.6572404572864,-351.406132361809,0,1836.067698,-5781.194376
3,2,0.00426751233333333,0.00435928848133413,20.6851954228856,55.0506042238806,-359.826113084577,0,1836.067698,-5781.194376
4,3,0.00407093138095238,0.00438177402127809,20.6849380753769,22.3755738090452,-389.997896733668,0,1836.06767966834,-5781.19437364824
5,4,0.00433898379166667,0.00442025914500523,20.6625848656716,24.6042864129353,-483.648874328358,0,1836.06759197015,-5781.19434364179
6,5,0.00428692414285714,0.00446935272066162,20.639901321608,22.4856919839196,-609.361154271357,0,1836.06748079397,-5781.19428253266
7,6,0.00445308835714286,0.00449547382610229,20.713750960199,-1.48149103276119,-637.725430895522,0,1836.06734579104,-5781.19420280597
8,7,0.00494698447619048,0.00456666019225634,20.6944311809045,12.9631249873367,-638.616683567839,0,1836.06711648241,-5781.19410904523
9,8,0.004666802375,0.0046017699645051,20.6688377711443,16.0934476915423,-639.332109552239,0,1836.06683677612,-5781.19399886567
10,9,0.00460047557142857,0.00463329396091477,20.6478819497487,9.81669717135678,-640.162655226131,0,1836.06652558794,-5781.19390347739
11,10,0.00408352875,0.00467746518190981,20.6379655572139,12.0950242233831,-639.414262935323,0,1836.06618047761,-5781.1938519403
12,11,0.00466779214285714,0.00474018835918551,20.6298379145729,-0.509807154040201,-640.246607839196,0,1836.06580986935,-5781.19386482412
13,12,0.005675309,0.00480234094478249,20.6313971840796,19.4273902624876,-640.396352338308,0,1836.06542770149,-5781.19396191045
14,13,0.00486798276190476,0.00484112197048835,20.6684529296482,27.1942053366834,-636.729657487437,0,1836.0650958995,-5781.1940400603
15,14,0.00492807195833333,0.00485857437075358,20.6507008208955,39.8533805671642,-556.822685522388,0,1836.06490444776,-5781.19398561194
16,15,0.00474967685714286,0.00487462678082194,21.0228797386935,42.0191654020101,-400.386090452261,0,1836.06483422111,-5781.1939518995
17,16,0.00444754075,0.00490393683940447,20.8241881741294,41.5631474676617,-293.260413333333,0,1836.0648181194,-5781.19396492537
18,17,0.00562440861904762,0.0049458696371212,20.942664160804,11.9507947933668,-161.896365407035,0,1836.06483211055,-5781.19396489447
19,18,0.00606711728571429,0.00497958681709127,27.5809907661692,-2.83470369552239,3.34574405368159,0,1836.06493364179,-5781.19381519403
20,19,0.00474976421428571,0.00498427811199147,32.9197886834171,-4.61369629447236,65.0537083015075,0,1836.06522394975,-5781.19337068342
21,20,0.005001975125,0.00496701050332573,31.5041328656716,-1.78235816746269,130.186513930348,4.72636815920398,1836.06582662687,-5781.19243014925
22,21,0.00562861435714286,0.00494009135590422,31.5438354170854,-2.23804018809045,62.5027579698492,9.1356783919598,1836.06672880402,-5781.19100490452
23,22,0.0046611065,0.00491683060898163,29.4886121094527,-1.3580453511801,-30.5417380793035,12,1836.06783447761,-5781.18917080597
24,23,0.00462501535,0.00492778596073067,24.440909120603,-0.722558709046734,-50.5229529447236,13.286432160804,1836.06898278392,-5781.18718848241
25,24,0.00531609486363636,0.00491482664210671,29.2940611741294,0.0115529777860697,-104.547090159204,13.318407960199,1836.07028435821,-5781.1851501791
26,25,0.00508823971428571,0.00492165189603133,29.4820504924623,-1.16410130913769,-97.0241756834171,15.5326633165829,1836.07184695477,-5781.18315030151
27,26,0.00472583495833333,0.00491196948887915,29.3387377661692,-2.18468600961692,-33.515538448,16,1836.07369874627,-5781.18125056716
28,27,0.0044757937,0.00490181430406873,21.8163899949749,-0.597428457971859,23.8517007572864,16.713567839196,1836.07570751759,-5781.17937744724
29,28,0.00485265275,0.00491791126643537,22.0584608059701,34.0093975820896,51.9072546965174,17.0746268656716,1836.07759328358,-5781.17736734328
30,29,0.00517076265,0.00494100421831823,21.4060852060302,28.2933651909548,65.2929775829146,15.4371859296482,1836.07904674372,-5781.17546170854
31,30,0.00485180225,0.00497826617293209,21.2618549900498,39.1562927562189,62.4617598955224,14.3532338308458,1836.08010232836,-5781.17369889552
32,31,0.0053666860952381,0.00501917042818024,21.8697363819095,37.040949959799,60.8401696733668,11.3115577889447,1836.08078375879,-5781.17228378894
33,32,0.00522497833333333,0.00506110386754392,21.6417094975124,34.9757106218905,65.8865909701493,8.23383084577114,1836.08117495522,-5781.17134647761
34,33,0.00569889819047619,0.00510166329220379,21.5483461507538,38.2298108492462,21.7288905796482,5.23115577889447,1836.08136376884,-5781.17077914573
35,34,0.00469257133333333,0.00515168924447356,21.5643273631841,30.3975061890547,-21.8604991393035,3.23880597014925,1836.08142549254,-5781.17052495522
36,35,0.00501408185714286,0.00522441232097095,21.4120528743719,31.1427177939699,-23.4816756130653,3,1836.08142687437,-5781.17050468342
37,36,0.00596214416666667,0.00531125895358313,21.3098106218905,30.6171009004975,-23.4968940149254,3,1836.08142955224,-5781.170508
38,37,0.00621909614285714,0.00537850027144438,21.2759679949749,30.6030530703518,-22.1261052613065,0.0904522613065327,1836.08143380905,-5781.170508
39,38,0.00738456025,0.00538855921434052,22.6296325920398,8.38285378661194,-16.3181614303483,0,1836.0814520597,-5781.17047826866
40,39,0.00655024928571429,0.00561333706549805,29.7594770351759,0.0402265006532663,-8.02746671708543,0,1836.08156167839,-5781.17021547739
41,40,0.00622694233333333,0.00553600251861862,34.8272230646766,0.510954716102985,-8.59533033134328,2.25373134328358,1836.08184095522,-5781.1695200597
42,41,0.00679851692307692,0.00541942996094263,38.2231806934673,0.0452946254573869,-14.5084871522613,7.01005025125628,1836.08234125628,-5781.16823620101
43,42,0.00491493628571429,0.00525058717573885,38.5397704825871,0.870219576689552,-98.0631464079602,10.681592039801,1836.0830939403,-5781.16629991045
44,43,0.00478665035714286,0.00516424118458291,37.7122177336683,1.86603687628141,-204.004433316583,13.4221105527638,1836.08417960804,-5781.16404533668
45,44,0.005043542,0.00502873848600827,37.5650875273632,1.50156479842289,-305.350685124378,16.771144278607,1836.08591283582,-5781.16196707463
46,45,0.00494165521428571,0.00490923426313745,37.2514725929648,-2.32486722417085,-308.617819748744,18.2060301507538,1836.08854151759,-5781.16079695477
47,46,0.0042462714375,0.00480889901782559,41.0596759950249,-2.4337796121393,-153.122273681592,21.089552238806,1836.09169134328,-5781.16134447761
48,47,0.00428482664285714,0.00473355559545888,43.9289390201005,-0.99552245418392,-17.9806933492462,23.4824120603015,1836.0949661005,-5781.16322463317
49,48,0.00479714753846154,0.00475777635339353,43.0293493880597,-1.66399624277114,-10.4815434457711,26.4427860696517,1836.09861770149,-5781.16547232836
50,49,0.00567817128571429,0.00476432677727394,37.0041584673367,0.597687141628141,-11.1527385366834,29.3065326633166,1836.10269877387,-5781.16789655276
51,50,0.004985898875,0.00457039474181421,39.2603102636816,-2.83872001980099,-9.66851162238806,31.5323383084577,1836.10705438806,-5781.17040695522
52,51,0.00459707792307692,0.00449545968657159,39.9946522160804,-2.33228058135678,-11.5497141959799,32.894472361809,1836.11165372864,-5781.17300605025
53,52,0.00444976225,0.00460129170570316,35.7687019353234,0.305992791751244,-6.91879724069154,35.9303482587065,1836.116536,-5781.17570250746
54,53,0.004580476,0.00448028633499451,37.0919595226131,3.04951775140704,-0.241746144407035,37.4924623115578,1836.12161996985,-5781.17839411055
55,54,0.004109471375,0.0043611457209055,37.7984910049751,-0.374685036793532,4.27055231223881,38.2835820895522,1836.12686773134,-5781.18091462687
56,55,NA,NA,38.0025768844221,-3.177673339799,8.83738538241206,39,1836.1323879196,-5781.18317586935
57,56,NA,NA,36.296460721393,-0.113555323149254,11.1276770378109,40.1144278606965,1836.13818340299,-5781.18503029851
58,57,0.00434525025,0.00416031567128163,36.1550358693467,-0.509519230934673,8.53478082512563,40.6532663316583,1836.14419001005,-5781.18642102513
59,58,NA,NA,34.9724818358209,-0.00355598089552237,4.9589147199005,42,1836.15040322388,-5781.18729391045
60,59,NA,NA,24.4129124673367,3.6742270538995,10.9931760899497,42,1836.1567438794,-5781.18755285427
61,60,NA,NA,21.7594421442786,12.661115360995,8.56119127318408,42.6766169154229,1836.16304835821,-5781.18717734328
62,61,NA,NA,21.7176422613065,33.4520737135678,5.99442499721608,41.9045226130653,1836.16910508543,-5781.18631254271
63,62,NA,NA,21.623914039801,30.3980311791045,-15.6824927125373,38.8308457711443,1836.17457086567,-5781.18528089552
64,63,NA,NA,21.4791285477387,29.7171277939698,10.9895931928643,36.3467336683417,1836.17968872362,-5781.18435491457
65,64,NA,NA,21.5748479104478,29.757226119403,19.7515513283582,34.0248756218905,1836.18447623881,-5781.18330208955
66,65,NA,NA,21.6533189396985,35.6598675678392,24.0409251306533,31.7386934673367,1836.18880492462,-5781.18181890452
67,66,NA,NA,21.5318282736318,30.9220748159204,21.6370952885572,28.9850746268657,1836.19262967164,-5781.17995065672
68,67,NA,NA,21.9920298643216,36.2380281859297,-1.78969194211055,26.6231155778894,1836.19604592965,-5781.17791103518
69,68,NA,NA,22.0297070547264,4.0450793779602,-124.895818308458,24.6268656716418,1836.19910322388,-5781.17599468657
70,69,NA,NA,32.5555481507538,-5.84120079396985,-198.146866482412,23.035175879397,1836.20228822111,-5781.17477309548
71,70,NA,NA,36.8760691293532,-4.2882060840796,-181.072137860697,23,1836.20579158209,-5781.17494647761
72,71,NA,NA,41.9139474070352,-1.61960882614824,-124.890340140704,24.6281407035176,1836.20936273367,-5781.17666339698
73,72,0.00376902075,0.00447494072353287,45.1946289950249,-0.268165244965672,-50.4755682985075,27.3383084577114,1836.21271713433,-5781.17958835821
74,73,0.00390613458823529,0.00435695893692198,44.5532432512563,-0.355368016809045,-23.9918259949749,29.6532663316583,1836.21609657286,-5781.1832118392
75,74,0.0032469223,0.00417172304140198,44.2478247014925,-0.416095273658706,-13.4075835900498,33.3482587064677,1836.21966146269,-5781.18728352239
76,75,0.00348400617647059,0.00414118659994388,41.4004779045226,-1.80895374423618,-9.63054541909548,34.8844221105528,1836.22345833166,-5781.19167325628
77,76,0.00342302526315789,0.00406685960351972,41.4682859004975,-2.48346276740298,-11.0772388577114,36.7363184079602,1836.22743510448,-5781.19625626866
78,77,0.00339656120833333,0.00403476376595528,41.8514275728643,-1.60194737470503,-11.9736587563819,38.0904522613065,1836.23158911558,-5781.20103651256
79,78,0.00361700252380952,0.00403867220545354,40.7146028258706,-0.471221012084577,-12.0445686860697,41.134328358209,1836.23590080597,-5781.2060340597
80,79,0.00377118145833333,0.0040663595020047,38.2312905025126,0.414182888357286,-12.632007858794,42,1836.240348,-5781.21122960804
81,80,0.00395350007142857,0.00414894832532734,36.5920334925373,1.02449012660697,-9.21520681641791,43.2039800995025,1836.2449078806,-5781.21655259701
82,81,0.0039256443,0.00417854445991105,34.7386774874372,1.88478167221608,-12.7503324020101,43.4924623115578,1836.24954123618,-5781.22194304523
83,82,0.00373402280952381,0.00420201405173442,34.8440825721393,2.19478901602488,-12.8254523681592,45,1836.25420349254,-5781.22738952239
84,83,0.00468729225,0.004268314106023,34.7864158040201,1.05985776296985,-10.5410452832663,45,1836.25888992965,-5781.23287582915
85,84,0.00428691261117647,0.00427241760119763,30.1862266019901,4.24896172358209,-10.490768361194,45,1836.2636318806,-5781.23840468657
86,85,0.0040053948125,0.00423943566747107,34.8142120150754,0.795426015368844,-11.6012931889447,45,1836.26838590955,-5781.24390036181
87,86,0.00358224542857143,0.00402203861455453,34.6188178358209,1.16720276385274,-11.4986256318408,45,1836.27312979104,-5781.24940889552
88,87,0.00344496225,0.00401926803696759,35.076914040201,0.380968193326482,-11.2485350482412,45.251256281407,1836.27790305528,-5781.25496083417
89,88,0.00379260028571429,0.00403960116073459,34.2322331940299,0.522544870004975,-11.9272929716418,46.18407960199,1836.28272465672,-5781.26054928358
90,89,0.004184817125,0.00407852211462329,35.5974379949749,-0.897848856354271,-11.2440980110553,45.3316582914573,1836.28756570854,-5781.26616765829
91,90,0.00331015671428571,0.00413413231197223,35.8205941293532,-2.29011118565672,-10.8747703427861,46.3134328358209,1836.29241265672,-5781.27183295522
92,91,NA,NA,35.6179773115578,-1.87471013805025,-12.0321945045226,46,1836.29731549749,-5781.277518
93,92,NA,NA,37.5611149800995,-0.815396969437811,-11.0668979970149,46,1836.302224,-5781.28323179105
94,93,0.00392069225,0.00443706647694827,35.6810482763819,-0.113226556560804,-9.69654925678392,47.1758793969849,1836.30716713568,-5781.28898758794
95,94,0.00370498533333333,0.00440826122566893,33.8823606368159,-0.828122715228856,-12.2009931512438,47,1836.31216244776,-5781.2947620597
96,95,0.004326450375,0.00444915595978122,33.3473116984925,-1.08005345405025,-10.2035873547739,47,1836.31718131658,-5781.30052570854
97,96,0.00484426819047619,0.00452657338950163,33.5029276865672,-0.854187766422886,-9.74926740099503,46.4328358208955,1836.32219949254,-5781.30627116418
98,97,0.004838997125,0.00459615862239741,33.4767219095477,-0.350903136409095,-9.18726064321608,47.4572864321608,1836.32716986935,-5781.31202143719
99,98,0.0045323002,0.00465677414033877,32.0973106467662,0.319180967288557,-10.6225362004975,47.228855721393,1836.33212722388,-5781.3177540597
100,99,0.00429805452173913,0.00472104840673426,31.7078891457286,-0.734219472824121,-12.297840461809,46.748743718593,1836.33705407035,-5781.32347106533
101,100,0.00525030272222222,0.00478854615534409,33.0208081044776,-1.38999780393532,-10.9691822726866,46,1836.34194322388,-5781.32914737313
102,101,0.00507565366666667,0.00487455466081247,32.0638114120603,0.764519806828643,-11.4134961457286,46,1836.3468020201,-5781.3348259598
103,102,0.0048015810952381,0.00495782656609768,35.7592919502488,-1.23282230480597,-12.7387160353234,46,1836.35167041791,-5781.34048349254
104,103,0.00619964658333333,0.00502187371113712,37.0325172914573,-1.3833358014191,-11.6010239577387,46,1836.35658759799,-5781.34620117588
105,104,0.00589075566666667,0.00504813700768078,34.412313238806,-0.871078538358209,-11.5019159960199,47.2935323383085,1836.36156071642,-5781.35203626866
106,105,0.00536301004545455,0.00500540880287527,32.4183147085427,1.91414021967839,-9.81757361407035,48,1836.36657437186,-5781.35794594975
107,106,0.00673509064285714,0.00487248105471909,30.7312782039801,2.21100848673881,-10.2459796451741,48,1836.371616,-5781.36387677612
108,107,0.00499852775,0.0048182688343744,30.5220273517588,1.8338519992392,-11.5174385447236,49.3768844221105,1836.37670879397,-5781.36976709548
109,108,0.00491398985714286,0.00473213117364413,31.3127872985075,1.16615053445771,-9.80608557014925,48.1492537313433,1836.38176814925,-5781.3756598806
110,109,0.0044464300625,0.00463641111012282,28.0735973969849,0.112638049477387,-9.55861909648241,48,1836.38681493467,-5781.38155230151
111,110,0.00390826092857143,0.00454942305064005,32.3246512189055,1.10847512663184,-11.7495367900498,48,1836.39183379104,-5781.38738835821
112,111,0.00431418586363636,0.00467946566314732,28.9208228090452,1.3478699029397,-11.2585479633166,48,1836.39683146734,-5781.39319974874
113,112,0.00415037178947368,0.00463770459870194,28.2306330149254,0.00112205505970149,-8.17408931502488,47.4278606965174,1836.40181262687,-5781.39901286567
114,113,0.004249381125,0.00458988619025188,32.5194571959799,-2.39539714395477,-10.0103713105025,46.748743718593,1836.40679457286,-5781.4047499598
115,114,0.0042903795,0.0046468909022728,31.1283970696517,-1.69869205293532,-12.8629329253731,46.5074626865672,1836.41177552239,-5781.4104738806
116,115,0.00578441985714286,0.00466284719712711,23.6500645728643,0.798821450075477,-11.6886475231156,47.748743718593,1836.41673334673,-5781.41619277387
117,116,0.00411450007142857,0.00461096088666656,21.9015781890547,3.39066844720796,-12.4519292447761,46.547263681592,1836.42162549254,-5781.42183483582
118,117,0.00472569892857143,0.00463346359522176,21.5140101306533,22.2465835718593,-11.8343845873367,45.0653266331658,1836.42639289447,-5781.42728921608
119,118,0.00409813966666667,0.00463657984529509,21.2515458308458,32.4849050646766,-14.6396168885572,44.5522388059701,1836.43091620896,-5781.43246295522
120,119,0.004250517625,0.00461903683161251,21.4913735025126,33.0816212160804,-14.0478162753769,41.8693467336683,1836.43508276382,-5781.43723196985
121,120,0.00438206435714286,0.00465967625703948,22.3569261492537,39.2905233631841,-10.0390818472637,37.4278606965174,1836.43885955224,-5781.44159292537
122,121,0.005220423,0.00470995940586079,23.0587452261307,29.568313888593,-10.8066486165829,34.0050251256281,1836.44221703518,-5781.44543442211
123,122,0.00477155042857143,0.00475276943997944,22.8370581791045,12.6244436682239,-15.3499016144279,30.363184079602,1836.44525537313,-5781.44890391045
124,123,0.004938980375,0.00478351482146131,22.8040772763819,39.5860951055276,-4.14817129588442,27.8140703517588,1836.44806830151,-5781.45219811055
125,124,0.00463582407142857,0.00480908280105316,22.5672343134328,27.6573140845771,36.1171148656716,24.9253731343284,1836.45048985075,-5781.45497002985
126,125,0.00497468592857143,0.00483476371936795,22.4402066180905,11.682288501005,157.200458015075,22.4020100502513,1836.45286766834,-5781.45722478392
127,126,0.0047529485,0.00486573100172577,36.2062674776119,-5.1078538119403,240.10388880597,20.0945273631841,1836.45557674627,-5781.45858364179
128,127,0.00538284578571429,0.00489319764068272,41.9978534572864,-1.82335114785427,218.250318994975,19.1005025125628,1836.45848611055,-5781.4584538191
129,128,0.004853047875,0.00491156409686488,49.0213294378109,-1.60359609270647,80.6939229303483,22.1442786069652,1836.46140734328,-5781.45672737313
130,129,0.00499588581818182,0.00497804618038203,52.5753205829146,-0.266846882993467,17.7245828971307,23.7537688442211,1836.46434633166,-5781.45384147739
131,130,0.0051009963125,0.00494107797291141,54.895286920398,-0.189843022175124,-10.9970103983085,28.1940298507463,1836.46753325373,-5781.45019208955
132,131,0.00496273263636364,0.00492064412658897,54.1840839296482,1.00784864942211,-15.4872624844221,32.0753768844221,1836.47114641206,-5781.4459818995
133,132,0.0052443925,0.00483896097553408,47.9344368208955,-1.15796659846517,-17.3104488905473,37.0497512437811,1836.47520441791,-5781.44128414925
134,133,0.00564857057142857,0.00487727532098543,47.5779224020101,-0.599955419954774,-18.7982804824121,40.8693467336683,1836.47962498492,-5781.43620367839
135,134,0.005800411875,0.00489032751491528,46.8632384079602,1.17604468654726,-18.2716064029851,42.3582089552239,1836.48438101493,-5781.43080847761
136,135,0.00452497142857143,0.00488402659234404,43.891015879397,1.37033454674774,-18.6392981,46.2110552763819,1836.48940576884,-5781.42510642211
137,136,0.0044144155,0.00488213685724008,41.6131083283582,1.48249223767662,-14.5235971333333,49.1691542288557,1836.49463928358,-5781.41913656716
138,137,0.00458378846153846,0.0050240624903511,39.33328240201,1.00693388063719,-18.0560960703518,49.5125628140703,1836.50001910553,-5781.41294677387
139,138,0.0051877095,0.0051016693075667,36.575298358209,2.54655125487562,-16.993113159204,51.8258706467662,1836.50550438806,-5781.40664065672
140,139,0.00531077546153846,0.00515183066962128,34.3556969798995,1.76673502025126,-17.7684896180905,51.9748743718593,1836.51106528643,-5781.40025888442
141,140,0.005385421,0.00519822793115539,35.3621061940298,-0.964870012537313,-14.3823129303483,52.6666666666667,1836.51667014925,-5781.39385495522
142,141,0.00526661571428571,0.00524734831137358,34.3441673969849,-1.77925038844221,-14.478804860804,53.1407035175879,1836.52232484422,-5781.3873961206
143,142,0.0060882986,0.00526851529669571,24.2176347512438,4.25322748955224,-14.2288969129353,53,1836.52800280597,-5781.38087146269
144,143,0.00604684271428571,0.00515555977077923,21.681090321608,17.435200699598,-16.8448665326633,53,1836.53366574874,-5781.37435245226
145,144,0.00535471225,0.0051480477003441,21.6343760895522,26.3633172985075,-17.7520284467662,52.3731343283582,1836.53921874627,-5781.36796695522
146,145,0.005073,0.00512425779296783,21.0448272864322,24.4258703015075,-18.3742583417085,50.9497487437186,1836.54456036181,-5781.36182852261
147,146,0.005547459875,0.00509314762038302,20.7225799154229,21.2237305472637,-16.6864306945274,49.7462686567164,1836.54972495522,-5781.35591928358
148,147,0.00496766171428571,0.0050576308741131,20.7179810251256,25.1435856984925,-13.4794729276382,48.0100502512563,1836.55473232161,-5781.35019726633
149,148,0.00557088225,0.00501990090106012,20.8012476965174,32.6630830099502,-15.3257569402985,45.8109452736318,1836.55952561194,-5781.34468865672
150,149,0.00548928914285714,0.00497712039640807,21.2765173517588,33.0614139648241,-15.9850217954774,44.5477386934673,1836.5640279196,-5781.33949631156
151,150,0.004972717,0.00505889835798075,21.2539229950249,31.6740904427861,-11.9509103313433,41.2238805970149,1836.56816537313,-5781.33471555224
152,151,0.00577265092857143,0.00512766514665881,21.247672678392,27.5390454572864,-16.3672027899497,37.5979899497487,1836.57196073367,-5781.33030168844
153,152,0.00557683766666667,0.00503749274426123,21.1912606716418,33.2276235174129,-18.774636721393,34.7910447761194,1836.57546564179,-5781.32621516418
154,153,0.00554298833333333,0.0050044461251279,21.2323672261307,33.120220241206,-16.5233594673367,31.5628140703518,1836.57867223116,-5781.32249170854
155,154,0.0042978125625,0.00485644030102969,21.3793502885572,36.3836350348259,-14.4811944233831,29.1641791044776,1836.58153746269,-5781.31917907463
156,155,0.00455740671428571,0.00476089046241927,21.7130696231156,39.5593366180905,-16.4880780251256,25.6884422110553,1836.58400963819,-5781.31632654271
157,156,0.004067923375,0.00469879323962897,22.2295195373134,44.6084708358209,-18.6045369502488,20.7562189054726,1836.58600152239,-5781.31402050746
158,157,0.00478094778571429,0.00466406718765778,23.351079959799,45.5690107085427,-15.7878277688442,16.5276381909548,1836.5873821206,-5781.31241659296
159,158,0.0051075869375,0.00463762901561721,23.8484653681592,45.9231164527363,-17.3906198606965,11.0945273631841,1836.5880500597,-5781.31163531343
160,159,0.00441969285714286,0.004606201861399,23.3909745829146,41.0336745492462,-18.8929265929648,3.93467336683417,1836.58818539698,-5781.31147631156
161,160,0.004642693625,0.00456948042029439,25.6880247761194,-3.60645140711443,-20.1071353383085,3,1836.58821877612,-5781.31144570149
162,161,0.0046292765,0.00452827296497973,34.2682692311558,-2.2672036718995,-19.233127,3,1836.58843754774,-5781.31120450251
163,162,0.0046052518125,0.00448268049479814,43.3826234975124,-1.15205440989204,-20.1241527412935,4.25373134328358,1836.58907522388,-5781.31047820895
164,163,0.00447249685714286,0.00443177770965205,46.9489241256281,-3.5912187040201,-14.3054906944724,9.24120603015075,1836.59040370854,-5781.30895311558
165,164,0.004305985125,0.00437478924209559,47.415208761194,-3.6046395,-11.7771731353234,16.1044776119403,1836.59243029851,-5781.30662271642
166,165,0.00412310057142857,0.00431878125361142,51.7840979899497,-1.16131200562312,-12.3658874562814,22.2412060301508,1836.59500332663,-5781.30365737688
167,166,0.003894158375,0.00427758905998878,52.5246455472637,-0.896159282119403,-12.3187270895522,27.7114427860697,1836.59809620896,-5781.30008641791
168,167,0.00403120342857143,0.0042603524339687,52.9177065075377,-1.03773709691508,-13.8812380643216,32.2412060301508,1836.60173650251,-5781.29588312563
169,168,0.0041548153125,0.00426592856233157,51.3585207064677,0.124025768714925,-12.6343026616915,38.0796019900498,1836.60592077612,-5781.29105179104
170,169,0.00429786178571429,0.00428404612600046,47.7373306582915,1.72971858784623,-17.1872068683417,42.5879396984925,1836.61057965829,-5781.28564977889
171,170,0.00394423725,0.00430955241001759,45.7327153084577,5.8130634238806,-16.3325212636816,46.6716417910448,1836.61563773134,-5781.27982647761
172,171,0.00442653421428571,0.00433549331919813,40.1998904723618,4.75882496180905,-13.7867952834171,50.3165829145729,1836.62100111558,-5781.27371228141
173,172,0.0051943414375,0.00434375427440344,34.5244602686567,2.77483459039303,-14.3151576965174,51.6666666666667,1836.62654570149,-5781.26741337313
174,173,0.00414792814285714,0.0043251846900977,33.1522271356784,1.2486997108392,-11.7350515407035,52.1407035175879,1836.63215469347,-5781.26101465327
175,174,0.004077645625,0.00429541988276196,33.1253176318408,-0.991738730868159,-14.1357831845771,53.7114427860697,1836.63779737313,-5781.2545438806
176,175,0.00389930585714286,0.00427805877994302,33.0028686231156,-2.10749353599497,-12.6693402733668,54,1836.64349050251,-5781.24801250251
177,176,0.0041095526875,0.00428036373364575,33.3664705621891,-3.01339083945274,-12.5591420358209,54,1836.64922725373,-5781.24141802985
178,177,0.00457205578571429,0.00429201038984151,33.3341675678392,-2.46195399519095,-12.0892622447236,54.1105527638191,1836.65500058291,-5781.23475313568
179,178,0.0043083625,0.00430374942212866,30.628005159204,0.0624642544895522,-13.676516958209,55.2636815920398,1836.66082662687,-5781.22803250746
180,179,0.00402987757142857,0.00431508191219306,29.9104325678392,-1.11655520991457,-11.5497354241206,55,1836.66669283417,-5781.22128708543
181,180,0.00452241975,0.00432676790183247,30.9327352736318,0.0284852999363184,-11.5458411542289,55,1836.67256032836,-5781.21452952239
182,181,0.00449219721428571,0.00433389360521954,31.296718321608,-2.27823443682412,-9.97272319648241,55,1836.67843028141,-5781.20776302513
183,182,0.0043136401875,0.00433291037549893,30.1211328955224,-2.76733555621891,-11.5341810507463,56.4129353233831,1836.68433513433,-5781.20097137313
184,183,0.00448711092857143,0.00432690392916689,29.7103473517588,-0.560817022668342,-11.9941106482412,56,1836.69026632161,-5781.19415116583
185,184,0.004252727625,0.0043163174024519,26.9140554278607,3.64640858335323,-12.3658333383085,55.3034825870647,1836.69620504478,-5781.18730068657
186,185,0.00478552835714286,0.0042978133849133,28.5406017085427,0.940870435683417,-12.9373586356784,56.8643216080402,1836.70212994975,-5781.1804338995
187,186,0.0041472963125,0.00427260756359053,28.3258224776119,-1.55316457328358,-14.1059915731343,56,1836.70805080597,-5781.17356731343
188,187,0.00403752678571429,0.00425265164785588,27.2343387437186,-2.07725827839196,-15.5388221809045,56,1836.71398368844,-5781.16669453266
189,188,0.00394720742857143,0.00424793333702417,26.8928163134328,-0.93004713219005,-14.5211217462687,55.18407960199,1836.71991334328,-5781.15981152239
190,189,0.00416580975,0.00425959116551903,26.816874321608,-0.958822472160804,-16.5050941603015,56.7286432160804,1836.72583055276,-5781.15292356784
191,190,0.00404813771428571,0.00428463364139121,27.0343120995025,-0.860716958905473,-14.1634521497512,56.6218905472637,1836.73174895522,-5781.14605340298
192,191,0.004729752,0.00431273742488524,23.9720175427136,2.55643542776734,-12.9421366316583,55.9447236180904,1836.73767217085,-5781.13920979899
193,192,0.00440230207142857,0.00432878009310815,21.3226133333333,-0.859927774462687,-15.6297126666667,55.1194029850746,1836.74356355224,-5781.13239256716
194,193,0.0048579400625,0.00432255566695843,21.1922747487437,-0.0967511741306533,-15.1181216984925,56.4623115577889,1836.74940310553,-5781.12563472362
195,194,0.00388689121428571,0.00429823843412224,21.2942754378109,17.9540827671642,-14.4814264099502,55.2039800995025,1836.75517214925,-5781.11892737313
196,195,0.004821784875,0.00426514462801587,21.3532111407035,22.1729875929648,-15.1241003015075,54,1836.76085629146,-5781.11232434171
197,196,0.00400276657142857,0.00423073739805487,21.62653460199,24.22184760199,-14.346678880597,53.7363184079602,1836.76642068657,-5781.1058838209
198,197,0.003926857,0.00420503116248435,22.1383693969849,28.148451678392,-16.040669879397,51.7939698492462,1836.77178464322,-5781.09965565829
199,198,0.00390823757142857,0.00419476300954807,22.7041314975124,27.9089395771144,-15.7302048925373,49.6069651741293,1836.77688220896,-5781.09377241791
200,199,0.0042623720625,0.00419680353781019,22.7734391055276,27.4646392311558,-20.7148326934673,46.6633165829146,1836.78165069347,-5781.08832394975
201,200,0.00433001914285714,0.00420202257309822,22.8209123880597,32.2595934079602,-14.6749979154229,43.6716417910448,1836.78608674627,-5781.08331483582
202,201,0.0041489868125,0.00420449875687262,23.2516644020101,34.9985073467337,-17.1402160050251,40.1507537688442,1836.79014274372,-5781.07876278392
203,202,0.00440222464285714,0.00419990353083669,23.7255657363184,34.1095431741294,-20.1084392437811,36.2587064676617,1836.79372683582,-5781.07474820896
204,203,0.0043054265625,0.00418519022039877,23.918159321608,38.131652040201,-17.2216322351759,31.3115577889447,1836.79682668342,-5781.07129682412
205,204,0.00498116554545455,0.0041887556585526,24.083511119403,37.5872186965174,-15.6166873731343,26.3283582089552,1836.7994538806,-5781.0684240597
206,205,NA,NA,23.6971098140704,29.8764698693467,-16.802913,21.5879396984925,1836.80159921608,-5781.06606
207,206,NA,NA,23.5116310099502,31.4296062686567,-12.4785838079602,18.8059701492537,1836.80350734328,-5781.06399737313
208,207,0.00391541866666667,0.00424385694397845,23.4402988190955,29.3770589246231,-11.6907120040201,16.7336683417085,1836.80512142714,-5781.0622378794
209,208,0.00339629557142857,0.00415749660411927,23.3221942338308,27.4279013781095,-23.0099147860697,13.4029850746269,1836.80648053731,-5781.06073698507
210,209,0.00505492071428571,0.00416421942872808,23.1932561256281,28.5521324572864,-26.2265870301508,11.9447236180905,1836.80761986935,-5781.05949455276
211,210,0.00449355942857143,0.00425489915319385,23.2493486666667,33.8056575373134,-30.108677800995,9.61194029850746,1836.80847991045,-5781.05856716418
212,211,0.004034283875,0.00423722598451892,23.5927264572864,33.1595563969849,-30.542198879397,6.25125628140704,1836.80900707538,-5781.05800139698
213,212,0.00357039271428571,0.00422449586694354,23.5127662537313,33.4156184278607,-30.4714018059701,3.51741293532338,1836.80919665672,-5781.05780098507
214,213,0.004904155875,0.00421740602017542,23.4141388241206,27.7998525577889,-26.2184489045226,3,1836.809208,-5781.05779299497
215,214,0.00420041585714286,0.00420250455202956,23.3600261144279,31.5551821840796,-26.8678213432836,3,1836.809208,-5781.057798
216,215,0.004645478,0.00417497990795864,23.3197733869347,34.3415122261307,-23.7744782763819,0.165829145728643,1836.80921237186,-5781.057798
217,216,0.00382481944444444,0.00411442029558186,23.3048732238806,36.2449250049751,-20.9740362537313,0,1836.809214,-5781.057798
218,217,0.0039698245,0.00405797143538924,23.2654107738693,39.3717700653266,-20.0237411859296,0,1836.80921807035,-5781.057798
219,218,0.00414691221428571,0.00403075157515988,23.2394949502488,36.6690019054726,-20.696480039801,0,1836.80922,-5781.057798
220,219,0.00412919,0.00400111626756069,23.2191895979899,39.4453345527638,-20.1020451407035,0,1836.80922280402,-5781.05780104523
221,220,0.00353229428571429,0.00397403410402715,23.199792920398,35.1749355174129,-20.1280721144279,0,1836.809226,-5781.057804
222,221,0.0035251968125,0.00396320183479281,23.192908160804,32.353756758794,-20.3952739798995,0,1836.809226,-5781.057804
223,222,0.00379677707142857,0.00397552779727892,23.1507801343284,32.536791641791,-20.404050199005,0,1836.80922916418,-5781.057804
224,223,0.003634251125,0.00400913251066276,23.1289231959799,32.9507239899498,-20.4434617738693,0,1836.809232,-5781.057804
225,224,0.00443393214285714,0.00405086027325443,23.1024543283582,31.3581211691542,-20.6946451243781,0,1836.809232,-5781.057804
226,225,0.0043968455625,0.00408385394712331,23.0685603015075,30.5788356482412,-20.7008513819095,0,1836.80923203015,-5781.057804
227,226,0.00399523492857143,0.00410491719811751,23.0643449353234,30.4276573731343,-20.7251269402985,0,1836.8092378806,-5781.057804
228,227,0.0039732248125,0.00412169393257747,23.0699422211055,30.3214372562814,-20.695577638191,0,1836.809238,-5781.057804
229,228,0.00445782257142857,0.00413556603439275,23.0606367711443,30.1968764925373,-20.7672458606965,0,1836.80923931343,-5781.057804
230,229,0.0043678278125,0.004142058765314,23.0346891708543,31.7901053115578,-20.7898016180905,0,1836.809244,-5781.057804
231,230,0.00396717271428571,0.00414487396426739,23.0246921741294,32.4508556766169,-20.7884261393035,0,1836.80924626866,-5781.057804
232,231,0.0041092454375,0.00415171500415213,23.0226485376884,31.4468692613065,-20.8568240452261,0,1836.80925,-5781.057804
233,232,0.004082398,0.00416279512887064,23.0130308208955,30.9604434328358,-20.800477358209,0,1836.80925,-5781.057804
234,233,0.004607138625,0.00417056360325141,23.0197962562814,31.0480490201005,-20.8453276180905,0,1836.80925,-5781.057804
235,234,0.0049512255,0.00416484409465026,23.008365278607,31.3902927462687,-20.8814900447761,0,1836.80925337313,-5781.057804
236,235,0.00425056345454545,0.00414465526824593,22.9996365778894,31.1829080954774,-20.9025135326633,0,1836.809256,-5781.057804
237,236,0.004157904,0.00411033839377454,22.9978825671642,31.0508144925373,-20.9415257562189,0,1836.80926032836,-5781.057804
238,237,0.00387422246666667,0.00409171476249615,22.9719167035176,31.0178438140704,-21.0065914824121,0,1836.809262,-5781.057804
239,238,0.00402169871428571,0.00406089611371844,22.9611758606965,30.7795654776119,-21.0108399502488,0,1836.80926579104,-5781.057804
240,239,0.003828124125,0.00403678463877063,22.9437300100503,31.1469170854271,-21.0707012060302,0,1836.809268,-5781.057804
241,240,0.00382543314285714,0.00402312249340564,22.9496969950249,31.5873880149254,-21.1863815621891,0,1836.809268,-5781.057804
242,241,0.0040405700625,0.00401791609520643,22.9481720753769,37.165742798995,-21.1534169949749,0,1836.80926878392,-5781.057804
243,242,0.00377143364285714,0.00401905554129875,22.9407474925373,36.0932496716418,-21.2107677562189,0,1836.809274,-5781.057804
244,243,0.0039466364375,0.00402253529946627,22.9426039045226,33.7105959798995,-21.3333741557789,0,1836.8092741206,-5781.05780574874
245,244,0.00469499242857143,0.004017102182709,22.9540974228856,32.8312993781095,-21.4265223482587,0,1836.80928,-5781.05781
246,245,0.0040577670625,0.00399394127787711,22.9349960351759,32.4495643165829,-21.4764307738693,0,1836.80928,-5781.05781
247,246,0.00359706392857143,0.00396078246993325,22.9145901641791,32.2959730497512,-21.5108770945274,0,1836.80928,-5781.05781
248,247,0.00394893157142857,0.00393055733576428,22.9315998944724,32.2855739296482,-21.5534487638191,0,1836.80928,-5781.05781
249,248,0.0040423366875,0.00390044095132448,22.9423243681592,32.2734587960199,-21.6013217960199,0,1836.80928337313,-5781.05781271642
250,249,0.00363790928571429,0.00387031877027567,22.9380195376884,32.3217877437186,-21.6619076030151,0,1836.809286,-5781.057816
251,250,0.0035967749375,0.00384440017624842,22.945399199005,32.3538607960199,-21.6365417562189,0,1836.809286,-5781.05781567164
252,251,0.00338622514285714,0.00382903388299528,22.9377016984925,32.3415676030151,-21.693271080402,0,1836.8092861206,-5781.05781
253,252,0.0039639358125,0.00382459389227669,22.9275603482587,32.3507793283582,-21.722064278607,0,1836.80929176119,-5781.05781
254,253,0.00376395721428571,0.0038245670763341,22.9098476080402,32.3330685527638,-21.7132794070352,0,1836.809292,-5781.05781337688
255,254,0.0037108646875,0.00382813300533637,22.9137417512438,32.3067620696517,-21.8060624925373,0,1836.809292,-5781.057816
256,255,0.00336738542857143,0.00384160750324193,22.9126109246231,30.591476231402,-21.663089,0,1836.8092920603,-5781.05781569849
257,256,0.003660668875,0.00387164110180852,27.9822656119403,-4.00796526666667,-16.7614207065174,0,1836.80934202985,-5781.0577618209
258,257,0.00368508714285714,0.00391495979502017,42.8870981708543,-2.34293021708543,-5.37442995058291,0.195979899497487,1836.80964108543,-5781.05744565829
259,258,0.00463695175,0.00395822109409448,47.0304367711443,-3.62460583134328,-10.7414685857363,4.90547263681592,1836.81061319403,-5781.05640701493
260,259,0.00404596257142857,0.00398859026191075,47.5198544974874,-4.14853119899497,-21.4334217889447,12.5276381909548,1836.81241549749,-5781.05447647236
261,260,0.00361433025,0.00401063017015698,50.4400991940298,-0.466402873502488,-23.6282017263682,19.9253731343284,1836.81490486567,-5781.05186008955
262,261,0.00422427178571429,0.00403444233107563,52.0156825577889,-1.78279616537688,-23.2448908442211,25.7788944723618,1836.81799233166,-5781.04870827136
263,262,0.0041827803125,0.00405368266128378,51.4275524925373,-2.7962280641791,-15.2164598089552,30.7661691542289,1836.8217,-5781.0450258209
264,263,0.0043934195,0.00405762166554126,52.0787444472362,-1.68549039157789,-14.6283088336683,35.8492462311558,1836.82600426131,-5781.04083422111
265,264,0.0040873363125,0.00404423157429962,48.8597680348259,2.98816010779602,-10.2231829570149,40.8059701492537,1836.83088495522,-5781.03615737313
266,265,0.00450974757142857,0.00402051077994465,46.2943445929648,4.03924902894472,-10.2497899686935,44.8341708542714,1836.83624104523,-5781.03107752764
267,266,0.004062898,0.00399355010970368,44.1220461393035,0.759352096985075,-12.9400723467662,49.1442786069652,1836.84194286567,-5781.02568776119
268,267,0.00338044842857143,0.00397179242477488,43.6711403517588,-1.22811687023618,-10.2148377673367,50.2914572864322,1836.84791143719,-5781.02001967839
269,268,0.004097827,0.00396145502909766,43.727142800995,-0.796406201393035,-10.7368858485075,53.6318407960199,1836.85414080597,-5781.0141281194
270,269,0.0042535105,0.00395626414504021,38.3828685276382,1.12072256750251,-13.0125271190955,55.3316582914573,1836.86053992965,-5781.00797909548
271,270,0.0038946663125,0.00394974082824603,33.7649983830846,-0.785549526024876,-10.9864413696517,56.6517412935323,1836.86700898507,-5781.00160904478
272,271,0.00386056471428571,0.00394434954569475,36.9476779748744,-1.08433703278693,-12.5749091708543,57.6834170854271,1836.87345578894,-5780.99511621106
273,272,0.0038518365625,0.0039454008440647,37.4681415870647,-0.250428399250249,-12.0476480865672,57.8507462686567,1836.87985785075,-5780.98843304478
274,273,0.00360506271428571,0.00395625322771436,37.610232,-1.12944906916533,-12.5481978065327,58.4522613065327,1836.88624727638,-5780.98152328643
275,274,0.004312699625,0.00397175023753618,37.2786899054726,-2.40738036119403,-11.9018847134328,59.0945273631841,1836.89265262687,-5780.97443029851
276,275,0.0040276305,0.00397775437552212,35.998020839196,-2.47833721432161,-8.88196983316583,60.1306532663317,1836.89906801005,-5780.96715500503
277,276,0.0041921439375,0.0039678061289634,30.4771707114428,1.93221069584577,-11.7630740552239,61.4129353233831,1836.90543134328,-5780.9596518806
278,277,0.00369715057142857,0.00394874821459308,29.4521522462312,0.912509865869347,-7.84378714924623,60.7336683417085,1836.91170777889,-5780.95201127638
279,278,0.0035586196875,0.00393169103451533,29.7491163880597,1.39751360810448,-11.2497910562189,61.2238805970149,1836.91783474627,-5780.94424644776
280,279,0.00397069807142857,0.00392407008044374,27.8044539296482,-1.08573783656533,-12.545354678392,61.105527638191,1836.9238281407,-5780.93637413065
281,280,0.0039309395,0.00392584399179202,31.052320960199,0.560661495438259,-11.3563079228856,60.6218905472637,1836.92967444776,-5780.92840665672
282,281,0.00351644664285714,0.0039360330967346,34.6355634070352,3.53067930547739,-12.7363008542714,60.9346733668342,1836.93539975879,-5780.92034638191
283,282,0.00398949375,0.00395730356451445,36.8718186666667,2.57270913938308,-11.5715523472637,60.5870646766169,1836.94104940299,-5780.912176
284,283,0.00381938557142857,0.00398700726318091,37.684281638191,-1.40943579274372,-12.2174641728643,61.2060301507538,1836.9466420402,-5780.90391401005
285,284,0.004275050125,0.00401945551779025,38.201860159204,-0.0876776465572139,-10.5807643606965,61.1741293532338,1836.95219961194,-5780.89568758209
286,285,0.00412582828571429,0.00405005051697791,34.494110798995,0.752519448824121,-13.134996260804,60.3316582914573,1836.95766503518,-5780.88753105528
287,286,0.0041647731875,0.00407705122458113,31.9828498905473,2.95297822328856,-16.7912160746269,59.1741293532338,1836.96308107463,-5780.87948719403
288,287,0.00407299092857143,0.00409892756845026,30.0655252160804,2.6443928238191,-19.2413948492462,58.6532663316583,1836.96852295477,-5780.87168119598
289,288,0.0047965145,0.00410953257841534,39.0789409004975,5.2306442319403,-13.9689795303483,57.134328358209,1836.97398850746,-5780.8641021791
290,289,0.003827635,0.00410501457700454,30.5557515778894,7.6385958959799,-16.9866235226131,57,1836.97950220101,-5780.85656722613
291,290,0.004589261125,0.00408600960476567,36.4913839751244,0.614692328965174,-20.2457734129353,57,1836.98504489552,-5780.84914146269
292,291,0.00427834035714286,0.00405419984353059,36.1353489296482,1.91871130474874,-19.5696067788945,57,1836.99070245226,-5780.84184811055
293,292,0.003986146625,0.0040136862377679,31.5340392288557,3.73424431837985,-19.0579529253731,57,1836.9964919403,-5780.834648
294,293,0.00367528266666667,0.00396941278035231,32.3608421708543,4.10469780753769,-19.9950232763819,57,1837.00236892462,-5780.82755752764
295,294,0.0039939453125,0.00394445669940945,32.1739830497512,-0.465321000436318,-17.6401121492537,57,1837.00831785075,-5780.82058725373
296,295,0.00415161966666667,0.00391087518546991,30.9964036984925,-0.615757825553266,-18.4017115326633,57,1837.01434872362,-5780.81374266332
297,296,0.00341990707142857,0.00389584464718151,30.5919691741294,-0.0967870304621891,-12.8250592606965,56.5671641791045,1837.0204341791,-5780.80702776119
298,297,0.00380168442857143,0.00389707518204889,24.5680499547739,4.39437667809045,-13.9120922251256,56,1837.02653611055,-5780.8004080402
299,298,0.00378006857142857,0.00390019509801247,30.201865880597,6.24418994278607,-12.7178003646766,55.5323383084577,1837.03260913433,-5780.79387943284
300,299,0.00413947264285714,0.00391390335226346,32.3192898844221,1.1854577013799,-12.8146299547739,54.8542713567839,1837.03862092462,-5780.78741924623
301,300,0.0040780685,0.00391491535297118,36.5275150099502,2.90455932487562,-13.2041296283582,55.0995024875622,1837.0446281194,-5780.78098071642
302,301,0.00387510091666667,0.00390227312742511,36.0973889798995,1.57623992049749,-15.9571058190955,54.6180904522613,1837.05064293467,-5780.77453459297
303,302,0.0042062919375,0.00387589849225795,32.443509358209,1.48315092957214,-17.2338482686567,55.3283582089552,1837.05668170149,-5780.76804008955
304,303,0.00373198107142857,0.00383674416651654,29.4071074874372,6.21754145492462,-15.5914761256281,55,1837.06272835176,-5780.76151142714
305,304,0.0037123636875,0.00379309820763107,31.552081880597,2.27432704699403,-14.9621624726368,55,1837.06872979104,-5780.75501029851
306,305,0.00356185021428571,0.00375476669474285,27.8109202110553,1.66092748320603,-11.3629164497487,54.7035175879397,1837.07470064322,-5780.74852519598
307,306,0.0033734803125,0.00372951204690398,20.9888946716418,3.1359473220398,-8.69715324029851,55.4179104477612,1837.08062438806,-5780.74206725373
308,307,0.00363527435714286,0.00371713477012033,24.258413638191,4.04074302296482,-7.72327599698492,54,1837.08644330653,-5780.73567036181
309,308,0.00366053271428571,0.00371243228203388,29.6974833781095,6.64855602288557,-13.3250465606965,53.4477611940299,1837.09215501493,-5780.72933414925
310,309,0.003348253375,0.0037123047128595,27.337724678392,3.79170780155779,-14.8038986030151,52.251256281407,1837.0978139397,-5780.72302142714
311,310,0.00404438692857143,0.0037182997749093,22.2748585273632,16.1804701216915,-13.3101172199005,53.2338308457711,1837.10343226866,-5780.71672928358
312,311,0.0037408980625,0.00372524654843862,23.8354955728643,37.0540066030151,-13.2431820939698,51.9849246231156,1837.10887992965,-5780.71062165829
313,312,0.00395560385714286,0.00372513246633939,24.8875689353234,38.9700561741294,-15.8673359109453,49.3980099502488,1837.11384185075,-5780.705022
314,313,0.003338277,0.00372076356483531,24.371911879397,41.3863563165829,-12.6355404678392,42.9195979899498,1837.11812201005,-5780.70018075377
315,314,0.00319018221428571,0.00372546965029502,23.5490119004975,40.321227880597,-19.5428038855721,37.681592039801,1837.12170343284,-5780.69614029851
316,315,0.0038689745,0.00374493837983431,23.1369300452261,40.5303352713568,-11.5650608025126,30.78391959799,1837.12462513568,-5780.69286150754
317,316,0.00377433864285714,0.00377118019630547,23.1971594079602,41.3113610597015,-10.0360983164179,24.6417910447761,1837.126956,-5780.69025232836
318,317,0.00367996525,0.00379957746045288,23.0553341457286,38.0215559447236,-10.5233300030151,19.2010050251256,1837.12868707538,-5780.68829689447
319,318,0.00366346985714286,0.00383258463754274,22.8714745870647,30.7112987711443,-17.4645666467662,14.3582089552239,1837.12989701493,-5780.686926
320,319,0.0037075801875,0.00387216171387508,22.7694281105528,31.3092647688442,-9.5126217583995,9.98492462311558,1837.13076530653,-5780.68595701508
321,320,0.00397866421428571,0.00391382859328838,22.6472411691542,32.4486435771144,-13.711217318408,7.82089552238806,1837.13136608955,-5780.68529125373
322,321,0.0041274748125,0.00394968682605829,22.6244992311558,28.3620090603015,-14.3265118592965,4.70854271356784,1837.13170757789,-5780.68491217085
323,322,0.00388894692857143,0.00397542057649286,22.6098880945274,29.4332968557214,-12.1404148497512,3,1837.13185952239,-5780.68474435821
324,323,0.0040505555625,0.00399064184258103,22.5850323768844,32.6349662361809,-13.7761045326633,3,1837.131876,-5780.6847280402
325,324,0.00412360135714286,0.00399478238518502,22.5824182835821,45.5951164626866,-11.1313208378109,1.34328358208955,1837.131876,-5780.68473
326,325,0.004258349875,0.0039855278776059,22.5948139547739,38.7721694422111,-10.774810680402,0,1837.131876,-5780.68473
327,326,0.00369218957142857,0.00396981416275737,22.5798077064677,37.1499954179104,-11.8105791144279,0,1837.1318779403,-5780.68473
328,327,0.0035400860625,0.00396405483220546,22.5749247738693,36.9669474874372,-12.3839339095477,0,1837.131882,-5780.68473572864
329,328,0.0035438715,0.00397853764105203,22.576685840796,35.1521418955224,-12.5623787412935,0,1837.13188322388,-5780.684736
330,329,0.0040549660625,0.00401111051553645,22.5637029698492,35.0067124824121,-11.5861362949749,0,1837.131888,-5780.684736
331,330,0.00405654178571429,0.00404946140459499,22.5489340199005,34.9486833731343,-10.5217468363682,0,1837.13188916418,-5780.684736
332,331,0.0041219566875,0.00408246536102997,22.5410546030151,34.4415780703518,-12.7152059698492,0,1837.131894,-5780.68473437186
333,332,0.00438629621428571,0.00410748825737774,22.5269517860697,34.51895060199,-13.7917602189055,0,1837.131894,-5780.68473
334,333,0.0039245135,0.00412765495511489,22.5104435226131,34.5426178190955,-11.9058769753769,0,1837.131894,-5780.68473
335,334,0.00425562307142857,0.00414636117304011,22.4989272437811,34.5893621243781,-11.2103777124378,0,1837.13189767164,-5780.68473
336,335,0.004050405625,0.0041641155883715,22.498737919598,34.9746030251256,-13.1607934673367,0,1837.1319,-5780.68473
337,336,0.00401994242857143,0.00418268036225662,22.4969317711443,35.153174920398,-14.2977952089552,0,1837.1319,-5780.68473
338,337,0.003874184625,0.00420845079937815,22.4814061005025,35.1279062060302,-15.0046059849246,0,1837.1319,-5780.68473301508
339,338,0.00395289,0.00424929972275954,22.4828283631841,35.0898565920398,-15.1581537114428,0,1837.1319,-5780.684736
340,339,0.0037211256875,0.00431473469833906,22.4662985427136,34.722819321608,-15.177153201005,0,1837.1319,-5780.684736
341,340,0.0041322535,0.00440700353246916,22.469880159204,34.978074358209,-15.0988006865672,0,1837.13190176119,-5780.684736
342,341,0.00508870746666667,0.00450810228507059,22.4689345778894,35.5505724673367,-15.6556361658291,0,1837.131906,-5780.68473569849
343,342,NA,NA,22.4645009552239,35.5020259502488,-15.8224174626866,0,1837.131906,-5780.68473
344,343,NA,NA,22.4579342060301,35.4109757386935,-15.9976860201005,0,1837.131906,-5780.68473
345,344,NA,NA,22.4389162189055,36.4017967014925,-16.059451960199,0,1837.13190662687,-5780.68473
346,345,0.0047680885,0.00465196482731492,22.4369593768844,27.818756570603,-11.3609002660955,0,1837.13191495477,-5780.68472662312
347,346,0.00456810471428571,0.0047152806607413,28.0202177014925,-5.12961387412935,-20.0040257447761,0,1837.13200877612,-5780.68461922388
348,347,0.004803200875,0.00481524352581018,41.0450269899497,-0.617549015963317,-31.1280445326633,0.442211055276382,1837.13236540704,-5780.68421451256
349,348,0.00486653045454545,0.00477008250247257,43.8617714378109,1.11678470946766,-20.3698349751244,6.99004975124378,1837.13335758209,-5780.6831020597
350,349,0.00546765875,0.0048061572234314,41.0001133869347,0.0241928755789447,-8.85343987664322,13.3819095477387,1837.13512622111,-5780.68115526633
351,350,0.00432726157142857,0.00491102879121467,45.0220531791045,-1.70231399478358,-10.8392820462687,18.8308457711443,1837.13744044776,-5780.6786101791
352,351,0.00489549633333333,0.00501707892778097,44.5822596130653,-1.83662830613065,-3.69518153878894,24.4020100502513,1837.14020945729,-5780.67554656281
353,352,0.005706113,0.00515847344640786,39.5922579353234,3.6051651180597,-9.88359698248756,28.0597014925373,1837.14337071642,-5780.67196059701
354,353,0.0059993768125,0.0052850706874889,34.2158245427136,4.13186217613065,-12.0627154366834,30.7035175879397,1837.14681277387,-5780.66801017085
355,354,0.00599271207142857,0.00538736504186416,22.4967319054726,6.81656269697512,-12.0364079626866,33.7412935323383,1837.15040402985,-5780.66383358209
356,355,0.00584640423076923,0.00541647978980917,21.5654596532663,19.5151049939698,-9.9036206040201,34,1837.15401494472,-5780.65959934673
357,356,0.00560341,0.00535388839642136,23.8093935174129,32.9998144527363,-11.0463888132836,33.8407960199005,1837.15747931343,-5780.65547113433
358,357,0.005355220375,0.00540185415119974,24.2456166884422,26.5695813316583,-12.1480148979899,31.3668341708543,1837.16059420101,-5780.65171269347
359,358,0.0057982118,0.00543779643650831,23.9518763532338,20.4821251840796,-8.99000116656716,29.0049751243781,1837.16345743284,-5780.64826656716
360,359,0.00593360958333333,0.00555232605658779,23.7786699246231,24.2777926733668,-9.60442281301508,27.0100502512563,1837.16612930653,-5780.64504578895
361,360,0.00555730071428571,0.00558153221443458,23.7425906467662,27.5302453930348,-10.637060981791,25.726368159204,1837.16864728358,-5780.64198910448
362,361,0.00530911042857143,0.00561362973377659,23.9121174321608,28.6526038693467,-11.9391384502513,23.1708542713568,1837.17096615075,-5780.63915062312
363,362,0.00575810471428571,0.00569671358845309,23.6474130945274,20.6258094179104,-17.2234710597015,21.1791044776119,1837.17307414925,-5780.6365721194
364,363,0.00675402775,0.00579690877693486,27.0449772261307,2.52117210753769,-17.6672372361809,20,1837.17511495477,-5780.6340999196
365,364,0.00588279709090909,0.00586252572615318,41.426563159204,-2.89078780885572,-17.524395281592,19.363184079602,1837.17721865672,-5780.63158214925
366,365,0.00722390585714286,0.00591241053100408,45.5596123065327,0.394372404556784,-9.24259499849246,22.5879396984925,1837.17963560804,-5780.62873073367
367,366,0.007050664375,0.0059430509237718,45.9009338109453,0.716367050179105,-14.2691751522388,26.592039800995,1837.18253925373,-5780.62532764179
368,367,0.006712692125,0.0059175279816993,42.1707419698492,-1.0262842620603,-10.7796369813568,29.9497487437186,1837.18593675377,-5780.62138112563
369,368,0.006448441,0.00585743344046241,39.6360664079602,0.17784516099005,-10.3405181199005,34.5074626865672,1837.18974077612,-5780.61699286567
370,369,0.005395372,0.00578995930421439,39.4617676633166,0.0536946683065327,-14.2901981743719,37.3819095477387,1837.19383483417,-5780.61225958794
371,370,0.00584935528571429,0.00573741953914181,41.2599766666667,0.779320307248756,-11.5930145129353,40.7512437810945,1837.19819465672,-5780.60724391045
372,371,0.00607838775,0.00567888427661808,40.8182042060302,2.55063514533166,-9.67964935487437,42.1859296482412,1837.20283498492,-5780.60192831156
373,372,0.00575125613333333,0.00567643961329948,38.7273460099502,4.42430871616915,-11.4112834060697,46.1144278606965,1837.20773579104,-5780.5963058806
374,373,0.00721668235714286,0.00565409840634412,31.9285673869347,4.16263626527638,-12.8346209090452,47,1837.21283026131,-5780.59045034171
375,374,0.0052165518125,0.00559645153935827,28.4098705920398,5.34623873751244,-11.6133281243781,48.4328358208955,1837.21805883582,-5780.58445841791
376,375,0.00584039785714286,0.00552473955541367,29.2578625929648,1.20349132000593,-15.4539121361809,49,1837.22334750754,-5780.57841892462
377,376,0.005980397375,0.00544682480270123,29.0793613034826,3.82757008228856,-15.1334683263682,49.5572139303483,1837.22870352239,-5780.57228749254
378,377,0.00508416807142857,0.00535856565337324,28.0575161758794,4.90999209127136,-13.3262367859296,51,1837.23413559799,-5780.56607912563
379,378,0.00543082185714286,0.00524874379258071,36.1794908855721,1.84421981467662,-11.5178826589801,52.4726368159204,1837.23965155224,-5780.55979925373
380,379,0.00521149821428571,0.00518249509092782,40.4074393668342,0.516451888432161,-12.6162602824121,52,1837.24526933668,-5780.55337775879
381,380,0.0052842100625,0.0050929696371025,34.9635210597015,0.68903260519403,-12.6059568552239,53.4328358208955,1837.25105122388,-5780.5467361194
382,381,0.00460216464285714,0.00501682347856801,31.1064109145729,4.80066324562814,-12.7203382351759,55.3115577889447,1837.25697334673,-5780.53991059296
383,382,0.00443437825,0.00496848340988705,28.5461665572139,2.7943545559801,-12.9817406850746,57,1837.26298116418,-5780.53298453731
384,383,0.00458393328571429,0.00495513209746287,32.1882444321608,2.89448433622111,-12.5159008447236,57,1837.26904103518,-5780.52600820101
385,384,0.0048260840625,0.00497480404716385,34.0595464676617,4.23072605726368,-11.432358251592,58.3233830845771,1837.27515889552,-5780.51899820896
386,385,0.00501618492857143,0.00501260049145175,33.440453201005,2.06119871984925,-15.8823150512563,57.8743718592965,1837.28129219095,-5780.51193093467
387,386,0.005633239,0.00505112124033169,30.888030318408,2.71249618304478,-13.099175500995,58.1641791044776,1837.28747014925,-5780.5048098806
388,387,0.00538125885714286,0.0050765948793433,35.2832258492462,3.21496032318844,-13.6869683919598,58,1837.29364088442,-5780.49770674372
389,388,0.0051215759375,0.00508475579955458,31.6446069701493,0.0304469047761194,-15.264200800995,57.5223880597015,1837.29980976119,-5780.4906198806
390,389,0.00561353557142857,0.00507986697241981,33.7272293718593,2.0823534348794,-11.1258431230905,58.4422110552764,1837.30595068342,-5780.48355298492
391,390,0.00530623025,0.005064190180726,38.7083397363184,0.561618447476299,-11.6412482308458,58,1837.31206635821,-5780.47646367164
392,391,0.0054942655,0.00503798315811538,43.2839552613065,1.00114155553417,-11.2600547522613,58,1837.3182459196,-5780.46931450251
393,392,0.0054959163125,0.0049969596749633,43.6021438756219,-0.0578041314960199,-10.611646960199,59.5124378109453,1837.32452967164,-5780.46206065672
394,393,0.00484599664285714,0.00494191359045382,41.0093985577889,0.898017979372362,-11.7705693130653,60,1837.33095244221,-5780.45466367839
395,394,0.0053890625,0.0048790607717539,42.4748311940299,-2.11152000048259,-12.3402314422886,61.8308457711443,1837.33747689552,-5780.4471518209
396,395,0.00456036078571429,0.00481504939712273,38.6458381658291,1.94712815708543,-12.8314833824121,61.0402010050251,1837.34410148744,-5780.43953155779
397,396,0.0045570695,0.00475677686753079,37.259531641791,1.76388598091045,-9.21771102970149,63.7462686567164,1837.35085802985,-5780.43184674627
398,397,0.00490061157142857,0.00470670529148036,37.9396751507538,1.57060560852261,-12.0713939386935,64.1256281407035,1837.35769935678,-5780.4241198794
399,398,0.0046228046875,0.00466169120216518,32.2156310298507,1.17888401593632,-14.6121185552239,64,1837.36463435821,-5780.41637537313
400,399,0.00464995976923077,0.00461794410621863,34.3457299899497,1.89142959234472,-10.0218406122613,64.3115577889447,1837.3716339799,-5780.40865775879
401,400,0.0044883668125,0.00458206927624837,37.2802075671642,0.872976401821891,-12.2052690736318,65.3233830845771,1837.37861934328,-5780.4009478209
402,401,0.00437285430769231,0.0045493651673143,35.437477,-1.69425665060302,-11.7980824545276,64.643216080402,1837.38560671357,-5780.39315819095
403,402,0.004418816625,0.00452809907620147,33.8212436517413,-2.45359224774129,-13.3614591920398,64.7164179104478,1837.3926378806,-5780.385298
404,403,0.00447482107142857,0.00451177489742163,32.6299782562814,-1.17483428305477,-12.0829349095477,66,1837.39969371859,-5780.37740481407
405,404,0.004597652375,0.00449708226792178,33.3599083283582,-2.31386923085572,-9.46851675830846,66,1837.40678355224,-5780.36952802985
406,405,0.00448025778571429,0.00447717503546199,33.0988697286432,-1.92303789125628,-12.5536399723618,66,1837.41388435176,-5780.36162493467
407,406,0.00438864326666667,0.00445108906805737,32.7968465522388,-1.68045924560199,-11.9713236522388,66.1691542288557,1837.42101074627,-5780.35371492537
408,407,0.00456814269230769,0.00442103746859224,31.7014672261307,-0.441069612286432,-11.2556951467337,67.035175879397,1837.42815949749,-5780.34582174874
409,408,0.00379882846666667,0.00439566468550243,32.812931840796,-0.831987055114428,-11.0196326179602,66,1837.43528844776,-5780.33791331343
410,409,0.00415721157142857,0.00438581131251804,34.2772314422111,-2.69091291869347,-14.0872055060302,66,1837.44240931658,-5780.329983799
411,410,0.00464664475,0.00438628622701407,35.2146386268657,-2.1833157553607,-11.120767100995,66.8756218905473,1837.44956865672,-5780.32205191045
412,411,0.00433377842857143,0.00438509797310685,34.3736193919598,-2.42242607020603,-13.667684480402,66.5929648241206,1837.45679282412,-5780.31410620101
413,412,0.0049184085625,0.00437415131064062,30.7583644527363,-2.15575840840299,-15.2187799850746,67.4776119402985,1837.46406271642,-5780.30611653731
414,413,0.00412806714285714,0.0043514371768102,33.1424610954774,-2.79746175688442,-12.6375507495477,67,1837.47135361809,-5780.29811252261
415,414,0.0041187558125,0.00432505493487557,29.5598790845771,-2.66169908199005,-9.03472973880597,67,1837.47864907463,-5780.29007462687
416,415,0.0041556355,0.00430817852005957,23.6051073668342,-1.84382520773869,-12.6530291773869,67,1837.48592249246,-5780.28199302513
417,416,0.0039527536875,0.0043073867315516,27.1476236915423,0.0806592344179105,-11.3945305449751,66.681592039801,1837.49313943284,-5780.27396555224
418,417,0.0041864445,0.00432070852791635,24.8210355075377,52.2623939095477,-12.5637652341709,66.9547738693467,1837.50019775879,-5780.26610629146
419,418,0.004587883125,0.00434272455992496,23.1271665920398,59.9089376567164,-16.0565240169154,62.0597014925373,1837.50645349254,-5780.25912259701
420,419,0.00426464971428571,0.00436643083755455,22.2934544874372,59.7370643115578,-13.919436180402,53.9748743718593,1837.51152211055,-5780.25347430151
421,420,0.0043837103125,0.00438843481817041,22.1852769154229,57.8673315174129,-14.8066046393035,42.5970149253731,1837.51534877612,-5780.24918728358
422,421,0.00462184542857143,0.00440280361805919,21.9827997638191,49.1410815175879,-18.8521331909548,30.9849246231156,1837.51799276382,-5780.24621222111
423,422,0.0050494508125,0.00439766943592775,21.8458416965174,52.3002819900498,-20.9565260995025,21.3283582089552,1837.51955477612,-5780.24446325373
424,423,0.00466549035714286,0.00436863595169682,21.828766879397,43.3432558140704,-8.93299881718593,11.3819095477387,1837.52022726633,-5780.24372430151
425,424,0.0040342946875,0.00432487127189895,21.732151960199,34.1142882437811,-7.08037586119403,5.22885572139303,1837.5204059403,-5780.24353552239
426,425,0.00418038014285714,0.00428373968604289,21.6315826281407,36.7801767487437,-8.60572809748744,3,1837.5204060603,-5780.24353486432
427,426,0.003935708125,0.00425744864066795,21.5468576915423,32.9257195422886,-8.93075163134328,3,1837.520406,-5780.24354008955
428,427,0.00406351721428571,0.00424864333198135,21.5007258944724,31.6814315276382,-9.06792507638191,1.67336683417085,1837.520406,-5780.243544
429,428,0.0041783426875,0.00425175857491437,21.4400505472637,35.2252038358209,-9.1775229761194,0,1837.52041,-5780.24354573134
430,429,0.00442294092857143,0.00425558556939322,21.3698809447236,39.7879732211055,-9.26193904623116,0,1837.5204141407,-5780.24355
431,430,0.00436220125,0.0042560889150057,21.3564446467662,38.4715062537313,-8.59677034855721,0,1837.520418,-5780.24355
432,431,0.00414170128571429,0.00425850756511206,21.3161312462312,37.3596366884422,-9.41689301859297,0,1837.52042176884,-5780.24355
433,432,0.0042113984375,0.00426559819106295,21.2919894129353,36.9888695174129,-10.3292952432836,0,1837.520424,-5780.24355
434,433,0.00462059514285714,0.00427182073379952,21.2650518743719,37.7935000703518,-10.260600818593,0,1837.52042788945,-5780.24355346734
435,434,0.00432230864285714,0.0042700084840665,21.2531942636816,37.815403840796,-9.6303081880597,0,1837.52043,-5780.243556
436,435,0.00443569525,0.00425736813807033,21.2384724120603,37.2814647236181,-9.99146687437186,0,1837.52043,-5780.243556
437,436,0.00405068842857143,0.00423990720495562,21.2398236318408,36.8213873383085,-10.2364671343284,0,1837.52043304478,-5780.243556
438,437,0.0042187059375,0.00422969809535709,21.2187299849246,36.9169871708543,-10.3529460753769,0,1837.520436,-5780.24355627136
439,438,0.00384457492857143,0.00423605011212839,21.2219193034826,36.858159159204,-10.5311270995025,0,1837.520436,-5780.243562
440,439,0.003869193,0.00426283920205522,21.2480786633166,36.8469644321608,-10.6761478291457,0,1837.520436,-5780.243562
441,440,0.0048273363125,0.00430308180897634,21.2264790348259,36.8850519154229,-10.6856263830846,0,1837.52044023881,-5780.243562
442,441,0.004714657,0.00436248708243705,21.2162683517588,36.8486032261307,-10.80028640201,0,1837.520442,-5780.243562
443,442,NA,NA,21.2080050696517,36.2387135671642,-10.9410972736318,0,1837.520442,-5780.243562
444,443,NA,NA,21.1814824020101,35.8832755628141,-11.1161904723618,0,1837.52044251256,-5780.24356733668
445,444,NA,NA,21.1773656865672,35.712717880597,-11.063001761194,0,1837.520448,-5780.243568
446,445,NA,NA,21.1897861155779,35.5501018442211,-11.1686255477387,0,1837.520448,-5780.243568
447,446,0.0033169394,0.00437916325427059,21.1829904676617,34.1985607014925,-11.2097564328358,0,1837.520448,-5780.243568
448,447,0.0041051404,0.00433592868598778,21.1868818894472,34.8128960703518,-11.3456272613065,0,1837.52045315578,-5780.243568
449,448,0.00512137375,0.00434717116430965,21.1837231293532,35.2322883034826,-11.4475329751244,0,1837.520454,-5780.24357002985
450,449,0.004140662,0.00434688254349175,21.1815489748744,34.9107253869347,-11.5102319346734,0,1837.520454,-5780.243574
451,450,0.00414252257142857,0.00431383470392956,21.1752211542289,35.4222185621891,-11.6113817711443,0,1837.52045710448,-5780.243574
452,451,0.00448724116666667,0.00428805682131397,21.1728732763819,36.7406603819095,-11.7431257939698,0,1837.52046,-5780.243574
453,452,0.00451565228571429,0.00426669710648841,28.8360107761194,-2.48637616031343,-11.7952758487562,0,1837.5204959403,-5780.2435379403
454,453,0.00417656,0.00424602192909823,40.8709138241206,-4.16783074974874,-13.100307480402,0.135678391959799,1837.52081035176,-5780.24319895477
455,454,0.00432635458333333,0.00426964391694654,42.979021278607,-3.17720327223881,-5.20465700541657,4.90049751243781,1837.52180286567,-5780.24211486567
456,455,0.00461369925,0.00428330880692178,44.7072418743719,1.64196100875879,-11.4959795201005,12.0452261306533,1837.52352759799,-5780.24020658291
457,456,0.00449982828571429,0.004258172588461,48.3447447114428,3.77274286905473,-13.477630343393,19.1791044776119,1837.52580358209,-5780.2376658806
458,457,0.00450386875,0.00422459744806063,50.1599271557789,0.0465180319874372,-12.2903297723618,23.0150753768844,1837.5286058593,-5780.23455901508
459,458,0.00408316614285714,0.00417795849118519,49.7208127512438,-1.53778400014925,-13.3247129581592,28.2537313432836,1837.53196259701,-5780.23086041791
460,459,0.0040267511875,0.00412673320595282,50.4369560351759,0.238422039047236,-11.3949267681407,35.1155778894472,1837.53583742714,-5780.22657331658
461,460,0.00378317714285714,0.00408022233957219,50.7499415373134,0.186100450420776,-13.4909528527363,39.7363184079602,1837.54021558209,-5780.22171877612
462,461,0.00437979692307692,0.00405621520963035,50.2531199547739,-0.358080635532161,-14.5860590638191,43.8341708542714,1837.54509337688,-5780.21631910553
463,462,0.00385507646153846,0.00401415269527933,49.4205263681592,1.33597558108955,-8.54897573711692,48.1641791044776,1837.55040749254,-5780.21045101493
464,463,0.0039223445,0.00398026950031578,50.9920357437186,0.0618831593060302,-11.1465158276382,52.2964824120603,1837.55609517588,-5780.20416443216
465,464,0.00357857435714286,0.00395952185599522,50.673817960199,-0.511978427233831,-13.9240610790547,54.6119402985075,1837.5621761194,-5780.19744098507
466,465,0.003741952125,0.00395422330136172,49.1781530100503,0.413543327317588,-15.4685286145729,58.929648241206,1837.56865314573,-5780.19028130653
467,466,0.0042003375,0.00395662880362764,44.965139278607,-0.688759121236219,-19.032462199005,62.6915422885572,1837.57545289552,-5780.18277002985
468,467,0.00428660528571429,0.00394556023481544,42.0536871708543,-0.114945256672864,-14.9757835135678,64.6984924623116,1837.58250497487,-5780.17511734673
469,468,0.00425245042857143,0.00399429304631058,41.4917508557214,-0.0595464091542289,-14.7793115452736,65,1837.58975573134,-5780.16737504478
470,469,0.00377790283333333,0.00397591801981208,39.4325718492462,-1.19824321436834,-10.0715875135678,66.1457286432161,1837.59717024121,-5780.15954436181
471,470,0.003569800625,0.00393144981067151,35.5234238656716,-2.4481830358408,-11.4838227993035,68.4328358208955,1837.60461125373,-5780.15155307463
472,471,0.00336351164285714,0.00390371187120378,36.8873232110553,-2.2311409319799,-15.0768653819095,68,1837.61201318593,-5780.14347030151
473,472,0.00412013841666667,0.00389215463037709,27.6525803830846,-0.657486133313433,-15.6327634373134,67.7512437810945,1837.61940573134,-5780.13538170149
474,473,0.0039760090625,0.00388481281906407,22.4585484371859,35.9559680066834,-15.5224723366834,67,1837.62670432161,-5780.1273778191
475,474,0.00376966716666667,0.00386222724649809,24.2167207064677,41.5851464427861,-14.7081238636816,64.9701492537313,1837.63343629851,-5780.11995310448
476,475,0.00360599271428571,0.00384317789804312,23.7874938442211,41.1149326331658,-14.8739967130653,58.9045226130653,1837.63923904523,-5780.11347786935
477,476,0.00366081342857143,0.00383357822671542,23.4118162437811,39.9472243930348,-18.7213600696517,50.0298507462687,1837.64406223881,-5780.10805647761
478,477,0.0036463318125,0.00382964095559721,23.3016901859296,46.3460424673367,-18.0234796532663,41.8844221105528,1837.64796328643,-5780.10368674372
479,478,0.00335189257142857,0.0038379689450664,23.1884020696517,45.6428184129353,-17.6778131791045,33.6666666666667,1837.65094426866,-5780.10038928358
480,479,0.0041719886875,0.00385581048414001,22.9472025829146,48.5916593517588,-20.9551306633166,23.7788944723618,1837.65288572864,-5780.09826473367
481,480,0.00380921,0.00387742322655542,22.658720199005,45.4490698308458,-14.8457266268657,14.5671641791045,1837.6538,-5780.09726707463
482,481,0.0038403536875,0.00390304349030693,22.5731850552764,32.7934576733668,-13.9146176291457,6.72361809045226,1837.65405777889,-5780.09698730653
483,482,0.00349884392857143,0.0039372869642716,22.4804852288557,26.55888960199,-18.2068767562189,3.15422885572139,1837.65408940299,-5780.09694874627
484,483,0.003994356,0.00398183943805523,22.4075893768844,32.8560778693467,-19.3505547939698,3,1837.65408087437,-5780.09695112563
485,484,0.0046514425,0.00402897416585077,22.3720023631841,37.058501761194,-19.6608388606965,1.8955223880597,1837.654074,-5780.096958
486,485,NA,NA,22.346234798995,34.5027056582915,-19.9470814723618,0,1837.654074,-5780.09696369849
487,486,NA,NA,22.3140443681592,34.814357159204,-20.0405821641791,0,1837.65407531343,-5780.096964
488,487,NA,NA,22.290347321608,35.3395541708543,-20.2230481859296,0,1837.65408,-5780.096964
489,488,NA,NA,22.2634844925373,35.0191621542289,-20.3632889054726,0,1837.6540838806,-5780.096964
490,489,0.00384100914285714,0.00407017291375435,22.2496158844221,33.5487424874372,-20.4444126180905,0,1837.654086,-5780.096964
491,490,0.003722514,0.0040970189013515,22.2389250348259,33.8333814179104,-20.5292583482587,0,1837.65408850746,-5780.096964
492,491,0.0039131188,0.0041467273511428,22.2315587437186,31.8980175326633,-20.6284854572864,0,1837.654092,-5780.096964
493,492,0.00452412977777778,0.00426115700047113,22.2205594079602,31.7917798557214,-20.6868468159204,0,1837.654092,-5780.096964
494,493,0.004795678,0.00439394574361723,22.2038415829146,31.9019003015075,-20.7055285829146,0,1837.65409341709,-5780.096964
495,494,0.004562526,0.00445924866779483,22.1945138855721,32.5674086119403,-20.7172423034826,0,1837.654098,-5780.09696435821
496,495,0.004778128125,0.00451194347430437,22.1809173316583,31.732841201005,-20.7724929698492,0,1837.654098,-5780.09697
497,496,0.00445600014285714,0.00456159254149815,22.1821925223881,31.6015322587065,-20.8203441691542,0,1837.654098,-5780.09697
498,497,0.00518775228571429,0.0046090848564431,22.1868089798995,31.6642800301508,-20.8579047939698,0,1837.65410170854,-5780.09697
499,498,0.00540679733333333,0.00464710068814887,22.1732191343284,31.7315172338308,-20.8505786169154,0,1837.654104,-5780.09697
500,499,0.0069789978,0.00466898705763028,22.1563472361809,31.7029335829146,-20.8758253919598,0,1837.654104,-5780.09697
501,500,0.00432178966666667,0.00468015673621781,22.1405571393035,31.568335278607,-20.9028523532338,0,1837.65410614925,-5780.09697
502,501,0.0044721766,0.00468232726514946,22.1418622060302,31.0233636180905,-20.9359259497487,0,1837.65411,-5780.09697
503,502,0.00616892628571429,0.00466942099671682,22.1417272437811,30.9742132835821,-20.9847990597015,0,1837.65411119403,-5780.09697
504,503,0.00533903736666667,0.00463106200136787,22.129634281407,31.1241970603015,-21.0098239145729,0,1837.654116,-5780.0969719598
505,504,NA,NA,22.132897840796,31.5863335323383,-21.0418433830846,0,1837.654116,-5780.096976
506,505,NA,NA,22.1251615427136,32.1268523316583,-21.0610775125628,0,1837.65412091457,-5780.096976
507,506,NA,NA,22.1160633432836,31.8334795920398,-21.1054359701493,0,1837.654122,-5780.096976
508,507,NA,NA,22.1122336432161,31.3013422562814,-21.1314660050251,0,1837.65412233166,-5780.09697862312
509,508,NA,NA,22.1005800497512,31.6863592985075,-21.1465310248756,0,1837.654128,-5780.096982
510,509,0.004158451,0.0045706718968365,22.1034566934673,32.4318266231156,-21.1623685376884,0,1837.654128,-5780.096982
511,510,0.004285295125,0.00449871280394676,22.1093729800995,34.8634860945274,-21.1705318258706,0,1837.65412829851,-5780.096982
512,511,0.00427541933333333,0.00426473074036163,22.113164839196,35.616897718593,-21.2060011809045,0,1837.654134,-5780.096982
513,512,0.00437146714285714,0.00423841604489539,22.1088441343284,34.5100414328358,-21.2279846318408,0,1837.654134,-5780.09698576119
514,513,0.00451545925,0.00422678665909661,22.1164440603015,35.6440279798995,-21.2552910100503,0,1837.65413457286,-5780.096988
515,514,0.004322421,0.00421899027377535,22.1119657910448,34.1616726716418,-21.2652869701493,0,1837.65414,-5780.096988
516,515,0.00412894425,0.00418671183614965,22.1094515477387,34.2273341105528,-21.2876943819095,0,1837.65414,-5780.096988
517,516,0.00428910408333333,0.00418363646391964,22.1008524029851,34.1429362189055,-21.2995270696517,0,1837.65414555224,-5780.096988
518,517,0.00431656553846154,0.00416930549836235,22.0950063065327,34.2277453969849,-21.3156317638191,0,1837.65414603015,-5780.096988
519,518,0.004135497,0.00413461948778098,22.0933285671642,34.0618329353234,-21.3368963532338,0,1837.654152,-5780.096988
520,519,0.00371463733333333,0.00409477078048484,22.0895441407035,33.4407956984925,-21.3491411306533,0,1837.654152,-5780.096988
521,520,0.0040500574,0.00408323511394964,22.0842002139303,32.4622601343284,-21.3641416169154,0,1837.65415755224,-5780.096988
522,521,0.00380662128571429,0.00407232487884696,22.0881678190955,33.2681520150754,-21.382567080402,0,1837.654158,-5780.096988
523,522,0.003725224875,0.00406590941001551,22.0873476616915,33.9085933233831,-21.3922112487562,0,1837.65416307463,-5780.096988
524,523,0.00423043114285714,0.00406822283838317,22.0887508944724,35.2367482864322,-21.4025039095477,0,1837.654164,-5780.096988
525,524,0.0037200643125,0.00407988869372285,22.089300840796,35.4400224079602,-21.4140088905473,0,1837.65416692537,-5780.096988
526,525,0.00371671114285714,0.00410825689005757,22.0865669497487,35.7856582613065,-21.4324360603015,0,1837.65417,-5780.096988
527,526,0.003802099375,0.00415780318405101,22.08411760199,35.2565592935323,-21.4429798905473,0,1837.65417,-5780.096988
528,527,0.00442302678571429,0.00421734984055119,22.0784499296482,34.9593860753769,-21.450858201005,0,1837.6541759397,-5780.096988
529,528,0.004707177875,0.0042687261778298,22.075486199005,35.3565504577114,-21.4540263781095,0,1837.654176,-5780.096988
530,529,0.00433020071428571,0.00430494260683622,22.0717391256281,35.4360698341709,-21.4639660150754,0,1837.65418031156,-5780.09699369849
531,530,0.0041166008125,0.00433685398704294,22.0699843283582,36.0523983134328,-21.4884620149254,0,1837.654182,-5780.096994
532,531,0.00418799878571429,0.00437766357725969,22.0650197035176,35.9212942613065,-21.4997780703518,0,1837.65418769849,-5780.096994
533,532,0.00496627706666667,0.00443284134219247,22.0644069353234,33.9554897711443,-21.5052015024876,0,1837.65419116418,-5780.09699937313
534,533,NA,NA,22.0620383969849,31.0477004422111,-21.5135696281407,0,1837.654194,-5780.097
535,534,NA,NA,22.9749528955224,13.9050099231343,-20.6731983452736,0,1837.65420271642,-5780.09699653731
536,535,NA,NA,36.1255761708543,-1.78520752526131,-27.9262079060302,0,1837.65428484422,-5780.09690843216
537,536,NA,NA,45.159295,-3.08669523363184,-13.5823812131945,1.82587064676617,1837.65477934328,-5780.0963778209
538,537,NA,NA,45.8838763869347,-0.588521544577889,-12.9582985656432,7.72361809045226,1837.65608490452,-5780.094972
539,538,NA,NA,49.3926884577114,-0.778602447462687,-12.547407261194,15.6865671641791,1837.6581278806,-5780.0927838806
540,539,NA,NA,56.4013299648241,-0.953169629326633,-13.6478329950251,21.2211055276382,1837.66070909548,-5780.09001126633
541,540,NA,NA,56.0067069104478,-1.08570339640298,-14.8251541278607,26.3681592039801,1837.66387197015,-5780.08661519403
542,541,NA,NA,56.818577638191,-1.17416738080402,-16.8963641110553,33.0954773869347,1837.66769249246,-5780.08254590955
543,542,0.0054086975,0.00457535768347786,57.1181319751244,-0.827337812968159,-18.267602800995,38.2189054726368,1837.67212295522,-5780.07789014925
544,543,0.0051170166,0.00460031794965201,56.012824839196,-3.27173793115578,-16.7932854527638,43.3165829145729,1837.67717635176,-5780.0727360603
545,544,0.00482244742857143,0.00462718588603547,54.0590676666667,-0.722731928874627,-14.1473320273632,48.5323383084577,1837.6828420597,-5780.06713062687
546,545,NA,NA,51.613367321608,-0.519905663537688,-13.0226987844221,52.9597989949749,1837.68898833166,-5780.06107453266
547,546,NA,NA,46.9083275273632,-1.64297710447065,-13.7669923777612,55.6517412935323,1837.69548104478,-5780.05463176119
548,547,0.003476581,0.00434213725095959,43.6653194422111,-0.509563800542714,-11.6389761100503,59.6281407035176,1837.70225080402,-5780.04790486432
549,548,0.00460391892857143,0.00451008829909745,44.2444643731343,-1.21228049893134,-12.1458144220398,61.3681592039801,1837.70916032836,-5780.04094567164
550,549,0.0055002685,0.00451460784601268,42.8046075778894,-1.67694868643216,-10.6721173970352,61.7437185929648,1837.71619827136,-5780.03380664322
551,550,0.005109122875,0.00455395166860286,45.0043806567164,-1.48707643427363,-3.79909743452736,64.1641791044776,1837.72330465672,-5780.02641376119
552,551,0.004372825,0.00455166312288909,43.2335967889447,-2.31094775678392,-7.93217372713568,65.0753768844221,1837.73040256281,-5780.01866716583
553,552,0.005525095375,0.00452321969477472,40.9701599552239,-0.447947303574129,-10.2933255830846,66.1094527363184,1837.73748229851,-5780.01055889552
554,553,0.00434693107692308,0.00446156762274082,41.1939586884422,-2.92501898944724,-16.1122843839196,68,1837.74458574874,-5780.00220078392
555,554,0.00404475108333333,0.00441383755119127,42.7876012835821,-2.12978259910448,-16.6562479353234,68,1837.75180232836,-5779.99376638806
556,555,0.0043091931875,0.00435925870367856,36.4594937336683,-1.06520026230151,-19.2616432562814,68,1837.75916837186,-5779.98525156784
557,556,0.00387284328571429,0.00432115748221905,30.7438344626866,-2.13539939778607,-18.3805469651741,70.0597014925373,1837.76666295522,-5779.97670486567
558,557,0.0039450486875,0.00430995041716412,29.8909192914573,-3.9061246201005,-20.5912362864322,71.0653266331658,1837.77424456281,-5779.96821241206
559,558,0.00428322053846154,0.0043099097001733,31.2723316019901,-5.09929856268657,-15.5178384925373,70.0646766169154,1837.78189892537,-5779.95979561194
560,559,0.0043290549375,0.0043412933377887,31.9792250603015,-4.4074932839196,-17.574179281407,71.4221105527638,1837.78961807035,-5779.95136953769
561,560,0.003998875,0.00437438969524022,29.7071098159204,-5.13661123781095,-15.648933358209,71,1837.79739641791,-5779.94284731343
562,561,0.004986904875,0.00441202775437629,26.6958268693467,-4.8224204718593,-15.4941921457286,72.3065326633166,1837.80524038191,-5779.93422379899
563,562,NA,NA,23.3251576716418,-3.85740404427861,-17.7404411890547,72.3482587064677,1837.81312137313,-5779.92557050746
564,563,NA,NA,21.2766095125628,-4.72790041105528,-16.6365710703518,73.2914572864322,1837.82103217085,-5779.91689341709
565,564,NA,NA,21.2613254129353,-4.53331185671642,-17.9327184129353,73,1837.82893185075,-5779.90822516418
566,565,NA,NA,20.317281,-4.38040386934673,-21.2514368341709,72.1407035175879,1837.83679507538,-5779.89960467337
567,566,NA,NA,20.317534,-4.33654705273632,-18.4107027860697,73.3134328358209,1837.8446158806,-5779.89101304478
568,567,NA,NA,20.8846461758794,-4.8767836678392,-18.4753402211055,72,1837.85240080402,-5779.882466201
569,568,NA,NA,21.3404686169154,-5.50803796915423,-15.7718808935323,71.9452736318408,1837.8601360597,-5779.87399549254
570,569,NA,NA,21.5516524371859,-5.27212018994975,-14.5570797120603,70.7889447236181,1837.86780413065,-5779.86563523618
571,570,NA,NA,21.3973282885572,-6.18461508159204,-14.729392419403,69.7810945273632,1837.8753498209,-5779.85736764179
572,571,NA,NA,21.5217699045226,-5.38744469648241,-17.00489659799,69.2663316582915,1837.88273662312,-5779.84918766834
573,572,NA,NA,21.511475721393,-4.82929253084577,-17.4827154726368,67.7412935323383,1837.8899721194,-5779.84119441791
574,573,NA,NA,21.3230635125628,-5.45272024623116,-12.5915437492462,65.8040201005025,1837.89705401005,-5779.83343064322
575,574,NA,NA,21.180895880597,-5.7473537840796,-15.5145194029851,64.5422885572139,1837.903952,-5779.82583250746
576,575,0.0040515095,0.00434245794790466,21.1423913768844,-5.21867091959799,-17.0410476130653,63.0603015075377,1837.91068929648,-5779.81838481407
577,576,0.0052622984,0.00435506358806963,21.008133880597,-6.14844329552239,-15.7871745666667,61.8905472636816,1837.91728074627,-5779.81108432836
578,577,0.00481719211111111,0.00447218271257649,21.0500789145729,9.48774878703518,-17.8432319095477,60.3417085427136,1837.92373851256,-5779.80393521608
579,578,0.00392777675,0.00453223806777864,21.098707960199,31.4533220497512,-15.2788175273632,59.2039800995025,1837.93002107463,-5779.79703026866
580,579,0.00501933266666667,0.00452994826723791,20.9037266582915,33.2504604974874,-17.0444407135678,56.5075376884422,1837.93596123618,-5779.79050302513
581,580,0.0050109828,0.00452207352900864,21.5541703333333,38.4027711293532,-13.0845280676617,52.6915422885572,1837.94142546269,-5779.78450647761
582,581,0.00451203266666667,0.00450967627833661,22.0297301356784,33.5412648743719,-15.2832879899497,47.748743718593,1837.94625295477,-5779.77917493467
583,582,0.00397556933333333,0.00445040710639035,22.0704818308458,39.6101005621891,-16.1402575223881,42.2587064676617,1837.95041752239,-5779.77454089552
584,583,0.00417861953333333,0.00441896668011036,22.1702879798995,39.0064761959799,-20.809955201005,36.2211055276382,1837.95393123618,-5779.77062375879
585,584,0.00407996891666667,0.00441835500824127,22.3068392139303,39.9876982587065,-20.73466439801,30.2089552238806,1837.95678095522,-5779.76745098507
586,585,0.004765743375,0.00444671702244943,22.2326865577889,38.0051440904523,-21.0380556934673,24.7587939698492,1837.95901293467,-5779.76497866332
587,586,0.00444937835714286,0.00446356500757315,22.0223780348259,29.022452238806,-15.010123838806,18.8308457711443,1837.96074838806,-5779.76306038806
588,587,0.00482702875,0.00447377578401102,21.8852677437186,31.6972196984925,-18.6796692462312,14.2663316582915,1837.96209186935,-5779.76156933668
589,588,0.00399299021428571,0.00448472888161898,21.8593136517413,31.3010324477612,-21.4850470049751,11.0099502487562,1837.96303591045,-5779.76051728358
590,589,0.0042116100625,0.00451016455452419,21.8345632261307,29.614593241206,-19.1752864070352,7.0251256281407,1837.963641799,-5779.75984257286
591,590,0.00468547742857143,0.00455267081942072,21.7926343134328,30.8428902288557,-19.9537826666667,5.54228855721393,1837.96406080597,-5779.7593798209
592,591,0.005045631125,0.0045982382385345,21.7561940653266,29.7226348442211,-20.5523311356784,3.60301507537688,1837.96427357789,-5779.75914871357
593,592,0.00560779575,0.00462845341955954,21.7751169651741,29.1009124278607,-20.7081766716418,3,1837.96429370149,-5779.75912391045
594,593,0.00480127325,0.00465686913228825,21.7880618844221,17.8765595031658,-19.8338505326633,2.57788944723618,1837.96429468342,-5779.75912284422
595,594,0.00408763171428571,0.00464723395973212,24.7172732935323,-2.60653208159204,-18.1580257313433,0,1837.96438755224,-5779.75901632836
596,595,0.00464607075,0.00465115350719248,33.6322776934673,-2.72637388190955,-11.5397729140704,0,1837.96466831156,-5779.75870579899
597,596,0.00572171258333333,0.00462609489913438,42.474227761194,-2.96125329104478,-15.3474165621891,4.27860696517413,1837.96532325373,-5779.75798361194
598,597,0.00523901881818182,0.00462681811801742,42.3527275025126,-2.57308230727236,-9.59782634532663,10.251256281407,1837.96666845226,-5779.75649671357
599,598,0.00415067142857143,0.00463473447044523,42.4695409552239,-1.2958471918806,-10.0108319218905,15.5820895522388,1837.96865352239,-5779.75430050746
600,599,0.00433168128571429,0.0046208993394338,42.6989946130653,-1.20893235074874,-8.22088997881909,20.5427135678392,1837.971102,-5779.75158431156
601,600,0.005354422,0.00461120976531798,42.4971972089552,-1.26168415176119,-7.05111348855721,26.0845771144279,1837.97394450746,-5779.74838480597
602,601,0.0061074,0.0045881858044855,42.2806260100502,-2.15253972085427,-11.1744532221106,28.1959798994975,1837.97711867337,-5779.74471211055
603,602,0.0049420568,0.00454703944780514,39.5449751442786,0.396328332935323,-9.64580124321393,32.592039800995,1837.98058925373,-5779.74060874627
604,603,0.00440325328571429,0.00449542497261966,25.383593758794,14.8305067409397,-12.0697555126633,35,1837.98427317588,-5779.73616443216
605,604,0.00406194016666667,0.00443654862063954,23.8480583084577,30.7763541293532,-9.17543102985075,34.7412935323383,1837.98788456716,-5779.73179913433
606,605,0.004679252375,0.00437764289528651,23.918628678392,27.5833458442211,-9.83899770954774,32.2663316582915,1837.99106903518,-5779.72786956784
607,606,0.00383907342857143,0.00432244855775975,23.4415510995025,25.6086828331542,-9.80804902736318,29.2139303482587,1837.99381734328,-5779.72438274627
608,607,0.00448532713333333,0.00438359760799193,28.3686151809045,-5.35226241432161,-11.3107234552764,26.5929648241206,1837.99633046231,-5779.72114121608
609,608,0.00422984969230769,0.00432912709626545,40.9122375721393,-6.23822876318408,-12.0084782686567,25.0597014925373,1837.99886152239,-5779.71786397015
610,609,0.0038050444,0.00428756309934279,52.6365479899497,-6.11607365376884,-9.01613303502513,27.2311557788945,1838.00156837186,-5779.71431427136
611,610,0.00408216615384615,0.00426245958561582,54.0081029452736,-5.20462187960199,-12.6521753318408,29.2786069651741,1838.00461113433,-5779.7102480597
612,611,0.00416707006666667,0.00425353885753334,53.7319882713568,-0.341665738572864,-7.90517763517588,33.3819095477387,1838.00808961809,-5779.70549146734
613,612,0.00440910215384615,0.0042485724126749,49.2242944676617,-0.22785564828806,-7.67454303034826,39.6716417910448,1838.01195704478,-5779.70003746269
614,613,0.00447007471428571,0.00423867029478299,45.6431412613065,-0.108821718562814,-11.5582609577889,44.321608040201,1838.01613230151,-5779.6939578392
615,614,0.00466162284615385,0.00420798305946329,40.8989969104478,0.82425994849204,-11.3426230129353,46.6865671641791,1838.02054814925,-5779.68735185075
616,615,0.00418505486666667,0.00416372783476877,36.7224911457286,1.66997662211055,-10.3003735110553,49.7286432160804,1838.02513320603,-5779.68032288442
617,616,0.00385209185714286,0.00411294545001372,33.8040772985075,2.5459329509602,-10.900784621393,51.2039800995025,1838.02982029851,-5779.67295507463
618,617,0.00346641685714286,0.00408267635033192,22.1181131859296,1.78930442311055,-6.34909565120603,55.0201005025126,1838.03455501508,-5779.66529170854
619,618,0.003689686125,0.00407583827484427,25.0129556716418,1.84948362454627,-7.8672439358209,54.9004975124378,1838.03921647761,-5779.65742555224
620,619,0.0041308965,0.00408877141397886,39.3096382110553,-3.37994236633166,-10.3249196532663,55.7788944723618,1838.04376537688,-5779.64934126633
621,620,0.0038069049375,0.00410838046542919,39.9918140995025,-4.07377389104478,-9.38911854328358,56.4825870646766,1838.04829471642,-5779.64090486567
622,621,0.00468477033333333,0.00411562201407072,49.9340500050251,-0.988843283291457,-10.4747761472362,58.4874371859297,1838.05284259296,-5779.63207254271
623,622,0.00448776553846154,0.00410861143081319,50.0984416965174,-2.00020557317413,-10.1675459378109,61.407960199005,1838.05746032836,-5779.62275080597
624,623,0.003861262,0.00407739059791474,49.9639106281407,-2.97946362713568,-6.07619860359095,63.9246231155779,1838.06218405025,-5779.61290359799
625,624,0.0037234048,0.0040652672787698,49.4231713830846,-2.0637708159204,-6.52047557960199,67.7960199004975,1838.06693758209,-5779.60252480597
626,625,0.00341060284615385,0.00405737154379758,42.3956279095477,0.887141617678392,-5.50129358592965,70.2361809045226,1838.07161984925,-5779.59163582915
627,626,0.0037166164375,0.00408929752248008,41.2740070447761,0.930968698004975,-6.91297584477612,71,1838.07614868657,-5779.58033358209
628,627,0.00364345328571429,0.00413726851433422,36.9231786331658,2.43502386459799,-7.45273404874372,72.608040201005,1838.0804821206,-5779.56869430151
629,628,0.00497781215384615,0.00420810387298221,34.5590258059702,2.66426680736318,-8.2009797641791,74.3383084577114,1838.08462707463,-5779.55682522388
630,629,0.00462402914285714,0.00429319884889456,36.5030407336683,0.717296083436181,-10.7435537497487,74,1838.08858622111,-5779.54484155779
631,630,0.00357806975,0.00430543899455655,38.3845682089552,-0.306777833326866,-14.0008917860697,73.6567164179104,1838.09239940299,-5779.53280868657
632,631,0.00416771728571429,0.00433325476477695,40.5066129095477,-0.277235190723618,-11.2599269246231,73.6834170854271,1838.09613798995,-5779.5207218593
633,632,0.00379495485714286,0.00429409391050836,41.3100264776119,0.694777466133831,-11.6092994940298,75,1838.09979131343,-5779.5085819403
634,633,0.00416640771428571,0.00436390965214789,45.7218412512563,0.960892467005025,-14.9201256371859,75,1838.10339844221,-5779.49641685427
635,634,0.004367480625,0.00447045446882833,43.7675770497512,-0.359572501384577,-16.0080909054726,75,1838.10703313433,-5779.48424155224
636,635,0.0058333588,0.00460256260178999,41.5045252964824,-0.711400763447236,-16.8779574321608,75,1838.11069079397,-5779.47205163819
637,636,0.005468888875,0.00476040821628398,37.2821666169154,-0.441793732535821,-16.9466414825871,75,1838.1143438209,-5779.45987785075
638,637,NA,NA,40.020832718593,-0.909965268500503,-12.4134535442211,74.2562814070352,1838.11798932663,-5779.4477518794
639,638,NA,NA,35.5516398855721,0.395167246187562,-11.0927204144925,74,1838.12163134328,-5779.43562429851
640,639,NA,NA,30.7031974070352,2.7750846150603,-11.3133574366834,74,1838.12526518593,-5779.4234878191
641,640,NA,NA,28.2990821840796,0.406926588029851,-12.064349181592,73.0597014925373,1838.12884122388,-5779.41137361194
642,641,NA,NA,21.8635111005025,1.81137388998643,-15.7292822864322,74.427135678392,1838.13237198995,-5779.39932928643
643,642,NA,NA,28.5933276119403,3.62239811437811,-16.9815756965174,73.2338308457711,1838.13588967164,-5779.38739208955
644,643,NA,NA,29.5155291708543,0.0987197360502513,-12.9231681758794,72.2814070351759,1838.13942198995,-5779.37550877387
645,644,NA,NA,28.9914101940299,-0.411644586508557,-14.8660037741294,73.3383084577114,1838.14299758209,-5779.36357271642
646,645,NA,NA,26.766846638191,1.56793812718593,-15.6421332462312,73,1838.14659964824,-5779.3515680201
647,646,NA,NA,26.5386865223881,0.554517241512438,-16.434859920398,74.2985074626866,1838.15022859702,-5779.33951710448
648,647,NA,NA,25.5950390603015,1.23407948250704,-16.8676966432161,74,1838.15386576884,-5779.32742646231
649,648,NA,NA,25.8434905671642,-0.500892109457711,-14.5381889900498,73.6119402985075,1838.15750002985,-5779.31530083582
650,649,NA,NA,27.5912459246231,0.608899639786935,-11.7785098759447,74.0954773869347,1838.16112248241,-5779.30314482412
651,650,NA,NA,28.7850278308458,-0.719132325925373,-13.6418282624876,75,1838.16471343284,-5779.29093268657
652,651,NA,NA,28.9091928492462,-1.01592864844221,-14.1068014221106,75,1838.16828771859,-5779.27865924623
653,652,NA,NA,29.0089381492537,-1.92613791293532,-14.8679556965174,75.4477611940299,1838.17188456716,-5779.26633241791
654,653,NA,NA,24.1575685829146,0.573471098492462,-13.9007545005025,75.9899497487437,1838.17549335678,-5779.25394904523
655,654,NA,NA,24.8193113731343,1.4375492959204,-12.2088413134328,76.2139303482587,1838.17911337313,-5779.24154841791
656,655,0.00565948516666667,0.00461885296122513,27.2631570050251,1.01162029853116,-12.0489007246231,75.2110552763819,1838.18276538693,-5779.22920359799
657,656,0.00480239669230769,0.00470458647608035,24.0674018855721,0.599983626844279,-8.44068143034826,76.4278606965174,1838.18643931343,-5779.21684665672
658,657,0.00545520828571429,0.00475591023857186,23.7301188492462,0.943267472023116,-10.3902359035176,75.0502512562814,1838.19006901508,-5779.20449363819
659,658,0.00656942815384615,0.00479860360487979,26.363067681592,1.11531404273134,-16.0400357860697,75,1838.19362743284,-5779.1921920597
660,659,0.00520733646153846,0.00473013818664498,27.4879588592965,-0.966488320956683,-11.6865074140201,75,1838.19718380905,-5779.17993786935
661,660,0.00410012626666667,0.00469758461892672,28.3861506318408,-1.16722711439303,-7.71335624577114,76.1890547263682,1838.20074447761,-5779.16766701493
662,661,0.00408627985714286,0.00469327192455031,30.0087785125628,-1.07993249146734,-6.7865082678392,75.3316582914573,1838.20428910553,-5779.15538740704
663,662,0.00497912266666667,0.00471918215432977,31.4690424179104,-0.549151426452736,-12.4718823024876,75,1838.20782050746,-5779.14310808955
664,663,0.00556058457142857,0.00493167797815918,33.2367110603015,-0.978891956556281,-11.226127079397,75,1838.21131245226,-5779.13081641206
665,664,0.005212324875,0.00496821864389781,34.0510574975124,-1.85940713189055,-16.2990558457711,75,1838.21479319403,-5779.1185100597
666,665,0.0061760184,0.00497940404418375,34.5654071557789,-2.2772302518593,-16.0315188341709,75,1838.21827742714,-5779.10618849246
667,666,0.005358803375,0.00496907558237326,36.3698215074627,-1.29253367679602,-14.5856384845771,75,1838.22178367164,-5779.09387722388
668,667,0.005033817,0.00494534499002879,36.7785204874372,-1.78062586729648,-13.1233448904523,75.1306532663317,1838.22531096482,-5779.08157154774
669,668,0.00474364666666667,0.00492483674069806,37.5774437562189,-1.75680668640298,-12.2986780845771,76.0248756218905,1838.22881292537,-5779.06926495522
670,669,0.0049293314,0.00491119107350366,38.4513296231156,-2.65698314994975,-12.9071941120603,75,1838.23227060301,-5779.05694992965
671,670,0.0050355063,0.00482480687711635,39.2178028358209,-0.999835720666667,-15.2230712089552,75,1838.23572641791,-5779.04464764179
672,671,0.00513141357142857,0.00470483187247676,38.9711008190955,-2.63534704974874,-14.9121425336683,75,1838.23919243216,-5779.03235463317
673,672,0.0048042368,0.00469512894660887,39.4953453830846,-2.97166429751244,-12.8962564746269,75,1838.24267901493,-5779.02007283582
674,673,0.00498169790909091,0.00463816509369726,38.9696480201005,-3.12038052160804,-13.9344400517588,75,1838.24617540704,-5779.00779027136
675,674,0.00497665286666667,0.00460629027489898,39.5272105373134,-3.75023989900498,-16.2891771442786,75,1838.24967077612,-5778.9954958806
676,675,0.00412116475,0.00461288214990532,39.4406436733668,-4.45781841407035,-13.6659433100503,75,1838.25318811055,-5778.98319292462
677,676,0.00475823775,0.00454376131376537,39.1483729054726,-1.45389942449756,-13.3304442502488,76.18407960199,1838.25671477612,-5778.97087820896
678,677,0.00481729483333333,0.00447567649774271,33.7936190100503,-1.27682315897487,-15.0959731658291,75.3316582914573,1838.2602498995,-5778.95856590955
679,678,0.0046907890625,0.00446774998750205,30.6140136218905,-2.62059112238806,-15.7212599950249,75,1838.26378235821,-5778.9462921194
680,679,0.00431926221428571,0.00442419683076674,33.9385337537688,-1.99056044798995,-12.6305300972362,75,1838.26729317588,-5778.93410104523
681,680,0.0039454524375,0.00439372515891173,33.953116318408,-3.33538771442786,-10.9300545664179,74.1393034825871,1838.27074471642,-5778.92191683582
682,681,0.00418526885714286,0.00438361792517672,32.7568339497487,-3.13123184371859,-12.8795278547739,74,1838.27418343719,-5778.90969943719
683,682,0.004488083,0.00439026556173119,23.6714529154229,0.930160438812935,-14.4969137512438,74,1838.27766229851,-5778.8974560597
684,683,0.0045424548125,0.00440627964563956,20.3636744170854,-2.77315875613417,-16.7691480150754,73.4522613065327,1838.28114696482,-5778.88522830151
685,684,0.004325795,0.00442156445708849,20.9443888905473,-4.2476505119403,-17.2273308208955,73.865671641791,1838.28461220896,-5778.87313298507
686,685,0.004472615375,0.00442914221253379,23.184622678392,-2.58350186125628,-15.2503538703518,73.7738693467337,1838.28808374874,-5778.86120782915
687,686,0.00479629014285714,0.0044292376969134,23.9790654079602,-1.11517350955224,-15.8389018756219,72.2537313432836,1838.29161832836,-5778.84944247761
688,687,0.00419832364285714,0.0044138397762134,20.4269206683417,0.785083867507538,-23.1834577035176,72,1838.29531555779,-5778.83777454271
689,688,0.0039784055,0.0044210087572891,21.6102214278607,28.2704860965174,-21.2085723084577,72,1838.29931020896,-5778.82625934328
690,689,0.0046503639375,0.00445972374830824,21.1387897236181,25.861478040201,-21.4704191055276,71.0502512562814,1838.30354629146,-5778.81519527638
691,690,0.00529875214285714,0.00447999986782404,20.6487421144279,12.1230792554577,-23.9437312338308,68.6417910447761,1838.30793152239,-5778.8045418209
692,691,0.0049790759375,0.00447621786850184,20.7251864572864,-0.610103825829146,-24.7593699698492,67.3718592964824,1838.3125681206,-5778.79414821106
693,692,0.00459011207142857,0.0044505152542784,20.6560920248756,-0.874863091552239,-19.5759164228856,67,1838.3174841791,-5778.78403364179
694,693,0.0040928433125,0.00442198335693385,20.5095668643216,-2.9318402551809,-18.4106243261307,66.6934673366834,1838.32261067337,-5778.77420330653
695,694,0.004611197,0.00440565331449561,20.5304429651741,4.98901302083582,-18.5753455323383,66,1838.32787250746,-5778.76463808955
696,695,0.00413057125,0.00440486383636187,20.5905502914573,24.0039234070352,-17.584546619598,65.1708542713568,1838.3332138191,-5778.75538775879
697,696,0.00419251721428571,0.00441560222295211,20.4633688606965,17.0017975308458,-13.1030966835821,63.4228855721393,1838.33850602985,-5778.74660480597
698,697,0.004710957125,0.00442712548957448,20.3421478542714,11.9938932638191,-16.3360426482412,60.7788944723618,1838.3436919598,-5778.73817032161